seed,overlap_bin,overlap_class,contrast,n_pairs,mean_delta_diff,median_delta_diff,se_pair_delta_diff,frac_positive
43022,ALL,ALL,VminusC,732,0.009689703938989066,0.005264249940713256,0.03288403281466836,0.5027322404371585
43022,ALL,ALL,RminusC,732,0.038483828860792185,0.049486117437482324,0.034477519481594845,0.5341530054644809
43022,ALL,ALL,VminusR,732,-0.02879412492180313,-0.022404707599586494,0.030325909935255076,0.4808743169398907
43022,ALL,nonoverlap,VminusC,727,0.05189715237368821,0.03778977257510041,0.034896868634196075,0.515818431911967
43022,ALL,nonoverlap,RminusC,727,0.04849344263344761,0.07233055432637531,0.03815403821617149,0.5337001375515819
43022,ALL,nonoverlap,VminusR,727,0.0034037097402405993,-0.01967799663543701,0.036443391042648446,0.48418156808803303
43022,ALL,overlap,VminusC,663,-0.039327353871412965,-0.017015715440113155,0.05930149748508133,0.49019607843137253
43022,ALL,overlap,RminusC,663,0.03376014321420373,0.002713953455289205,0.059615811372476936,0.5037707390648567
43022,ALL,overlap,VminusR,663,-0.07308749708561668,-0.01575331886609388,0.05025925379689026,0.48717948717948717
43022,high,ALL,VminusC,17,-0.04987609043589561,-0.016463122330605984,0.158828528185055,0.4117647058823529
43022,high,ALL,RminusC,17,0.04103231174130221,0.1322409645654261,0.1781872255960529,0.5882352941176471
43022,high,ALL,VminusR,17,-0.0909084021771978,0.1962413700918355,0.22744008749888828,0.5294117647058824
43022,high,nonoverlap,VminusC,16,0.15127472527092323,0.2666099990407626,0.20474299744172028,0.625
43022,high,nonoverlap,RminusC,16,-0.11641679917617392,-0.19798555846015614,0.23436253858267372,0.4375
43022,high,nonoverlap,VminusR,16,0.2676915244470971,0.36411593218023575,0.32478132716574004,0.6875
43022,high,overlap,VminusC,17,-0.20383342271031565,0.008919935052593475,0.2890105828050784,0.5882352941176471
43022,high,overlap,RminusC,17,0.21924085210053113,0.07624117719630397,0.32683381791137706,0.5294117647058824
43022,high,overlap,VminusR,17,-0.4230742748108467,0.012012476722399395,0.4801021616805799,0.5294117647058824
43022,low,ALL,VminusC,498,-0.0033962966291113204,-0.018954128026962246,0.04135938166759659,0.4879518072289157
43022,low,ALL,RminusC,498,-0.0014690286713266467,0.014324304958184486,0.038231536245408745,0.5120481927710844
43022,low,ALL,VminusR,498,-0.0019272679577846611,-0.029573173572619807,0.035202389457559775,0.4738955823293173
43022,low,nonoverlap,VminusC,495,0.035213383091519584,0.025233983993530273,0.03950577864035832,0.5111111111111111
43022,low,nonoverlap,RminusC,495,0.02873812628022523,0.058829387029012026,0.03806583007079609,0.5333333333333333
43022,low,nonoverlap,VminusR,495,0.00647525681129435,-0.03538082043329882,0.04047749072553974,0.4666666666666667
43022,low,overlap,VminusC,440,-0.055291173835223265,-0.025777300198873032,0.07840740356960994,0.4909090909090909
43022,low,overlap,RminusC,440,-0.036244062049698905,-0.0074796059634536505,0.07408006643442458,0.48863636363636365
43022,low,overlap,VminusR,440,-0.019047111785524373,-8.868426084517739e-05,0.060536994338148915,0.5
43022,partial,ALL,VminusC,217,0.044387615401141264,0.11308441869914554,0.055964865482515454,0.543778801843318
43022,partial,ALL,RminusC,217,0.1299732244461678,0.17161099116007472,0.07468440602411351,0.5806451612903226
43022,partial,ALL,VminusR,217,-0.08558560904502656,-0.0073806386596213525,0.05997392963018478,0.4930875576036866
43022,partial,nonoverlap,VminusC,216,0.08276948861589987,0.0473950753609339,0.07319982678029198,0.5185185185185185
43022,partial,nonoverlap,RminusC,216,0.10598161607696158,0.12339956561724347,0.09247094328664952,0.5416666666666666
43022,partial,nonoverlap,VminusR,216,-0.023212127461061723,0.004249036312103216,0.07638409287409385,0.5092592592592593
43022,partial,overlap,VminusC,206,0.008345869207897082,-0.01705677558978347,0.08824270446263316,0.48058252427184467
43022,partial,overlap,RminusC,206,0.1679770279959978,0.05348290503025033,0.10439443266913476,0.5339805825242718
43022,partial,overlap,VminusR,206,-0.15963115878810075,-0.1618438232690096,0.08809477426049762,0.4563106796116505
43122,ALL,ALL,VminusC,732,0.00039708174028908516,0.019494737576072563,0.03420061975405323,0.5191256830601093
43122,ALL,ALL,RminusC,732,0.03574596104316998,-0.0008834074251351243,0.03766476740837092,0.5
43122,ALL,ALL,VminusR,732,-0.03534887930288091,0.023757784937818827,0.03507611450926287,0.5109289617486339
43122,ALL,nonoverlap,VminusC,727,0.008077079593734169,0.014877994855244957,0.0390901269622532,0.5116918844566712
43122,ALL,nonoverlap,RminusC,727,-0.08644146618522115,-0.0648276673422919,0.044498375582370485,0.469050894085282
43122,ALL,nonoverlap,VminusR,727,0.09451854577895534,0.06746828556060791,0.037783272575798374,0.5405777166437414
43122,ALL,overlap,VminusC,663,-0.01921717400191596,-0.003000198708226283,0.05992626605495207,0.49321266968325794
43122,ALL,overlap,RminusC,663,0.17047407179913235,0.11443436145782471,0.06584150959203573,0.5641025641025641
43122,ALL,overlap,VminusR,663,-0.1896912458010483,-0.06381076496715346,0.06213220859824154,0.46304675716440424
43122,high,ALL,VminusC,17,0.06434530532634307,0.2385071484992901,0.16698582339295479,0.7058823529411765
43122,high,ALL,RminusC,17,0.1356753531588148,0.30279985861852765,0.20117237770258906,0.6470588235294118
43122,high,ALL,VminusR,17,-0.07133004783247172,0.04380185126016478,0.23113677823307452,0.5294117647058824
43122,high,nonoverlap,VminusC,16,0.5270668967762807,0.4387820462385814,0.3023533548913263,0.75
43122,high,nonoverlap,RminusC,16,-0.01810502830388333,0.45776052276293433,0.4459315085937604,0.75
43122,high,nonoverlap,VminusR,16,0.5451719250801641,-0.008857795968651772,0.37809513119264365,0.5
43122,high,overlap,VminusC,17,-0.3812934761578552,0.03359558231507753,0.2689283637977163,0.5882352941176471
43122,high,overlap,RminusC,17,0.33993543613301835,0.41097920727528026,0.32636662750773937,0.7058823529411765
43122,high,overlap,VminusR,17,-0.7212289122908736,-0.028117544949054718,0.3978169147410558,0.4117647058823529
43122,low,ALL,VminusC,498,-0.01485584724327948,0.011035186549027798,0.04100752009005676,0.5060240963855421
43122,low,ALL,RminusC,498,0.016014393975078013,-0.011361420154571533,0.04555931456615012,0.4959839357429719
43122,low,ALL,VminusR,498,-0.030870241218357488,-0.023438229536016847,0.043013441263908325,0.4939759036144578
43122,low,nonoverlap,VminusC,495,-0.0012332637385098213,0.014877994855244957,0.041685899397464185,0.509090909090909
43122,low,nonoverlap,RminusC,495,-0.08662492137179655,-0.07296464840571093,0.05010752174529273,0.46060606060606063
43122,low,nonoverlap,VminusR,495,0.08539165763328671,0.06927898195054796,0.04495946040436905,0.5515151515151515
43122,low,overlap,VminusC,440,-0.04620691328080175,-0.006039164960384369,0.07634657893477687,0.4909090909090909
43122,low,overlap,RminusC,440,0.13284900761650395,0.1105415622393291,0.08401633453448357,0.5613636363636364
43122,low,overlap,VminusR,440,-0.17905592089730568,-0.07477103848941626,0.07963642316418143,0.4590909090909091
43122,partial,ALL,VminusC,217,0.03039173073961728,0.02187698714745534,0.06537562208278774,0.5345622119815668
43122,partial,ALL,RminusC,217,0.07319997364198952,-0.0025715073570608538,0.07034328688146109,0.4976958525345622
43122,partial,ALL,VminusR,217,-0.04280824290237224,0.08183934539556503,0.0626647787553454,0.5483870967741935
43122,partial,nonoverlap,VminusC,216,-0.009030407098210083,0.0023072262605031337,0.08710723653228136,0.5
43122,partial,nonoverlap,RminusC,216,-0.09108300641089978,-0.06689778622239828,0.09029048025070976,0.4675925925925926
43122,partial,nonoverlap,VminusR,216,0.08205259931268968,0.06399373710155487,0.06856107578126512,0.5185185185185185
43122,partial,overlap,VminusC,206,0.0683108959949807,-0.0048065269365906715,0.1000844625565026,0.49029126213592233
43122,partial,overlap,RminusC,206,0.2368536108606879,0.10002954242130113,0.10921822242689479,0.558252427184466
43122,partial,overlap,VminusR,206,-0.16854271486570713,-0.033318838647877026,0.099299093991515,0.47572815533980584
43222,ALL,ALL,VminusC,732,0.022407344627795995,0.024068925684938902,0.03532910323154492,0.5150273224043715
43222,ALL,ALL,RminusC,732,-0.024089904061257824,0.01842648287614168,0.03591834950887763,0.505464480874317
43222,ALL,ALL,VminusR,732,0.04649724868905381,0.03180406987667084,0.03469411667561689,0.5136612021857924
43222,ALL,nonoverlap,VminusC,727,-0.02263192957610629,0.0023580019672711783,0.036894625313108685,0.5006877579092159
43222,ALL,nonoverlap,RminusC,727,-0.022872770025259507,0.003892291647692522,0.03725497362487752,0.5034387895460798
43222,ALL,nonoverlap,VminusR,727,0.00024084044915320042,-0.035910199085871376,0.037521516775745646,0.48005502063273725
43222,ALL,overlap,VminusC,663,0.05574115811929698,0.05719401190678308,0.06255110551233854,0.5369532428355958
43222,ALL,overlap,RminusC,663,-0.03439107685607918,0.008031929843127728,0.06469175407716078,0.5037707390648567
43222,ALL,overlap,VminusR,663,0.09013223497537617,0.03731371586521467,0.06261473795192785,0.530920060331825
43222,high,ALL,VminusC,17,-0.1880906854107142,0.23909022907416028,0.24593940778392354,0.6470588235294118
43222,high,ALL,RminusC,17,-0.04726154819127855,0.18111761830126244,0.2023601962548633,0.6470588235294118
43222,high,ALL,VminusR,17,-0.14082913721943557,-0.05574796659251047,0.19628641860849502,0.47058823529411764
43222,high,nonoverlap,VminusC,16,0.20769133851960453,0.37749270213923103,0.21046857020495713,0.625
43222,high,nonoverlap,RminusC,16,0.057329328541527474,0.07771062913040319,0.21650303558952494,0.5
43222,high,nonoverlap,VminusR,16,0.15036200997807705,-0.026309670880436883,0.20206466722311958,0.5
43222,high,overlap,VminusC,17,-0.6365365079749417,-0.05368836844960845,0.43710648022054716,0.47058823529411764
43222,high,overlap,RminusC,17,-0.24635000478664987,-0.08929625898599625,0.26239901846273045,0.4117647058823529
43222,high,overlap,VminusR,17,-0.39018650318829184,0.1368974385162196,0.3642692454760331,0.5882352941176471
43222,low,ALL,VminusC,498,0.028673161760132376,0.030447415619467677,0.041383228158589996,0.5220883534136547
43222,low,ALL,RminusC,498,-0.054265445846850655,-0.03711924225919776,0.04343812351397269,0.4859437751004016
43222,low,ALL,VminusR,498,0.082938607606983,0.07534851816793298,0.04249096742845759,0.5441767068273092
43222,low,nonoverlap,VminusC,495,-0.013074369428263344,-0.00016394505898157524,0.04107496784521373,0.498989898989899
43222,low,nonoverlap,RminusC,495,-0.051723634011575204,-0.03951724370320639,0.042712310488078206,0.47878787878787876
43222,low,nonoverlap,VminusR,495,0.03864926458331187,-0.010873476664225334,0.04189937533492926,0.4909090909090909
43222,low,overlap,VminusC,440,0.05673141648276765,0.06041581990818151,0.07493043396493387,0.5363636363636364
43222,low,overlap,RminusC,440,-0.06529477338842818,-0.018435782132049383,0.08140040468866894,0.4909090909090909
43222,low,overlap,VminusR,440,0.12202618987119586,0.05953303972880053,0.079793969325719,0.5431818181818182
43222,partial,ALL,VminusC,217,0.024518356511441863,-0.050506303707758604,0.06924834428515614,0.48847926267281105
43222,partial,ALL,RminusC,217,0.04697616856286927,0.07206999013821286,0.0667705256516427,0.5391705069124424
43222,partial,ALL,VminusR,217,-0.022457812051427394,-0.09486786151925722,0.06247093354149761,0.4470046082949309
43222,partial,nonoverlap,VminusC,216,-0.06159565440348421,-0.004087209701538086,0.07931193698343317,0.49537037037037035
43222,partial,nonoverlap,RminusC,216,0.03730289708658164,0.1325430969397227,0.07653001404960447,0.5601851851851852
43222,partial,nonoverlap,VminusR,216,-0.09889855149006586,-0.12696185118208328,0.08022431507215301,0.4537037037037037
43222,partial,overlap,VminusC,206,0.11075575347694239,0.06185426035275077,0.11578527687441405,0.5436893203883495
43222,partial,overlap,RminusC,206,0.04910857483835417,0.04685019775449003,0.11220723952960623,0.5388349514563107
43222,partial,overlap,VminusR,206,0.061647178638588186,0.00261697567475494,0.10272762781657438,0.5
