global_step,epoch,stage_length,step_in_epoch,n_chunks,charged_words,active_tokens,masked_tokens,microbatches,cumulative_words
1,0,256,0,302,40170,55799,8393,5,40170
2,0,256,1,302,39183,55161,8378,5,79353
3,0,256,2,302,39665,55216,8326,5,119018
4,0,256,3,302,40489,55910,8438,5,159507
5,0,256,4,302,39973,55427,8255,5,199480
6,0,256,5,302,40206,55941,8371,5,239686
7,0,256,6,302,38928,55230,8063,5,278614
8,0,256,7,302,39608,55333,8161,5,318222
9,0,256,8,302,41315,56856,8353,5,359537
10,0,256,9,302,40353,55492,8326,5,399890
11,0,256,10,302,39972,55380,8324,5,439862
12,0,256,11,301,39042,54754,8282,5,478904
13,0,256,12,301,39628,55246,8486,5,518532
14,0,256,13,301,38239,53803,8007,5,556771
15,0,256,14,301,40219,55557,8293,5,596990
16,0,256,15,301,37519,53101,8009,5,634509
17,0,256,16,301,38965,54851,8286,5,673474
18,0,256,17,301,39425,55342,8449,5,712899
19,0,256,18,301,39336,55232,8221,5,752235
20,0,256,19,301,38278,53732,8054,5,790513
21,0,256,20,301,38347,53938,7992,5,828860
22,0,256,21,301,39876,55820,8375,5,868736
23,0,256,22,301,40413,56022,8438,5,909149
24,0,256,23,301,39256,54435,8027,5,948405
25,0,256,24,301,39161,54724,8047,5,987566
26,0,256,25,301,39104,55119,8272,5,1026670
27,0,256,26,301,38802,55321,8516,5,1065472
28,0,256,27,301,38982,54420,8099,5,1104454
29,0,256,28,301,38741,54726,8300,5,1143195
30,0,256,29,301,39660,55603,8283,5,1182855
31,0,256,30,301,38780,54153,7930,5,1221635
32,0,256,31,301,39626,55253,8130,5,1261261
33,0,256,32,301,38466,54550,8009,5,1299727
34,0,256,33,301,39968,55527,8544,5,1339695
35,0,256,34,301,39579,55254,8400,5,1379274
36,0,256,35,301,40705,56470,8490,5,1419979
37,0,256,36,301,38889,54811,8273,5,1458868
38,0,256,37,301,39124,55404,8104,5,1497992
39,0,256,38,301,40037,55494,8382,5,1538029
40,0,256,39,301,38252,53993,7986,5,1576281
41,0,256,40,301,38488,54451,8065,5,1614769
42,0,256,41,301,40135,55457,8375,5,1654904
43,0,256,42,301,39402,55525,8247,5,1694306
44,0,256,43,301,39635,55332,8424,5,1733941
45,0,256,44,301,38412,53852,8184,5,1772353
46,0,256,45,301,40035,55687,8293,5,1812388
47,0,256,46,301,40063,55795,8379,5,1852451
48,0,256,47,301,40002,55828,8388,5,1892453
49,0,256,48,301,41193,56743,8593,5,1933646
50,0,256,49,301,40597,55747,8494,5,1974243
51,0,256,50,301,40573,56457,8438,5,2014816
52,0,256,51,301,39423,54274,8251,5,2054239
53,0,256,52,301,39947,55267,8446,5,2094186
54,0,256,53,301,40063,56296,8367,5,2134249
55,0,256,54,301,39812,55472,8319,5,2174061
56,0,256,55,301,38948,54906,8465,5,2213009
57,0,256,56,301,38177,54138,8093,5,2251186
58,0,256,57,301,38665,54566,8081,5,2289851
59,0,256,58,301,39177,55058,8258,5,2329028
60,0,256,59,301,39952,55791,8290,5,2368980
61,0,256,60,301,39508,55006,8086,5,2408488
62,0,256,61,301,38584,54391,8068,5,2447072
63,0,256,62,301,39836,55945,8341,5,2486908
64,0,256,63,301,39309,55338,8326,5,2526217
65,0,256,64,301,38691,54484,8135,5,2564908
66,0,256,65,301,39495,54461,8110,5,2604403
67,0,256,66,301,40042,55531,8361,5,2644445
68,0,256,67,301,39887,55617,8274,5,2684332
69,0,256,68,301,40684,55516,8048,5,2725016
70,0,256,69,301,40765,56366,8473,5,2765781
71,0,256,70,301,40127,55472,8309,5,2805908
72,0,256,71,301,41485,56910,8551,5,2847393
73,0,256,72,301,39173,55017,8149,5,2886566
74,0,256,73,301,39796,55408,8396,5,2926362
75,0,256,74,301,39359,54866,8217,5,2965721
76,0,256,75,301,38159,54119,8074,5,3003880
77,0,256,76,301,37785,53390,7991,5,3041665
78,0,256,77,301,39311,55273,8356,5,3080976
79,0,256,78,301,38726,53779,8229,5,3119702
80,0,256,79,301,38925,54037,8192,5,3158627
81,0,256,80,301,40250,55430,8218,5,3198877
82,0,256,81,301,39204,54765,8237,5,3238081
83,0,256,82,301,39307,55670,8270,5,3277388
84,0,256,83,301,39446,54526,8240,5,3316834
85,0,256,84,301,38605,54213,8068,5,3355439
86,0,256,85,301,40671,55888,8479,5,3396110
87,0,256,86,301,38305,53253,7979,5,3434415
88,0,256,87,301,38246,53448,7969,5,3472661
89,0,256,88,301,40073,55939,8479,5,3512734
90,0,256,89,301,39088,54752,8265,5,3551822
91,0,256,90,301,39810,54985,8259,5,3591632
92,0,256,91,301,39954,55038,8211,5,3631586
93,0,256,92,301,38768,55068,8021,5,3670354
94,0,256,93,301,39110,54783,8326,5,3709464
95,0,256,94,301,38793,53974,8132,5,3748257
96,0,256,95,301,39604,55042,8435,5,3787861
97,0,256,96,301,38696,54307,8094,5,3826557
98,0,256,97,301,40096,55622,8194,5,3866653
99,0,256,98,301,40056,55359,8402,5,3906709
100,0,256,99,301,40618,55394,8143,5,3947327
101,0,256,100,301,39961,56168,8675,5,3987288
102,0,256,101,301,39766,55345,8366,5,4027054
103,0,256,102,301,40102,55186,8310,5,4067156
104,0,256,103,301,39520,55163,8420,5,4106676
105,0,256,104,301,38409,54608,8298,5,4145085
106,0,256,105,301,40280,56011,8536,5,4185365
107,0,256,106,301,38746,55053,8356,5,4224111
108,0,256,107,301,38681,54083,8054,5,4262792
109,0,256,108,301,40044,56303,8407,5,4302836
110,0,256,109,301,39598,55135,8143,5,4342434
111,0,256,110,301,39751,55147,8255,5,4382185
112,0,256,111,301,38437,53821,8150,5,4420622
113,0,256,112,301,39078,54470,8254,5,4459700
114,0,256,113,301,39915,55613,8261,5,4499615
115,0,256,114,301,40390,56271,8442,5,4540005
116,0,256,115,301,40374,56317,8476,5,4580379
117,0,256,116,301,38468,53726,7959,5,4618847
118,0,256,117,301,39199,54903,8194,5,4658046
119,0,256,118,301,39513,54785,8151,5,4697559
120,0,256,119,301,39297,54795,8211,5,4736856
121,0,256,120,301,39094,55017,8132,5,4775950
122,0,256,121,301,39832,56037,8452,5,4815782
123,0,256,122,301,39572,54981,8197,5,4855354
124,0,256,123,301,39853,55521,8335,5,4895207
125,0,256,124,301,39654,55446,8200,5,4934861
126,0,256,125,301,39880,55638,8397,5,4974741
127,0,256,126,301,37597,53269,8005,5,5012338
128,0,256,127,301,40601,56323,8304,5,5052939
129,0,256,128,301,39053,54869,8181,5,5091992
130,0,256,129,301,39649,55031,8386,5,5131641
131,0,256,130,301,39136,54395,8186,5,5170777
132,0,256,131,301,39548,55281,8233,5,5210325
133,0,256,132,301,40736,55306,8145,5,5251061
134,0,256,133,301,38911,54308,8037,5,5289972
135,0,256,134,301,39312,54310,8094,5,5329284
136,0,256,135,301,40359,54965,8176,5,5369643
137,0,256,136,301,39739,55206,8369,5,5409382
138,0,256,137,301,39424,54985,8100,5,5448806
139,0,256,138,301,40699,55795,8287,5,5489505
140,0,256,139,301,38605,54549,8098,5,5528110
141,0,256,140,301,39217,54758,8207,5,5567327
142,0,256,141,301,41415,57172,8618,5,5608742
143,0,256,142,301,38469,54182,8192,5,5647211
144,0,256,143,301,39761,55255,8306,5,5686972
145,0,256,144,301,40337,56083,8486,5,5727309
146,0,256,145,301,38910,54603,8189,5,5766219
147,0,256,146,301,40083,56162,8418,5,5806302
148,0,256,147,301,39582,55245,8273,5,5845884
149,0,256,148,301,38752,54209,8140,5,5884636
150,0,256,149,301,38332,54475,8349,5,5922968
151,0,256,150,301,38871,54918,8400,5,5961839
152,0,256,151,301,40086,56451,8473,5,6001925
153,0,256,152,301,40181,55677,8517,5,6042106
154,0,256,153,301,41000,56330,8622,5,6083106
155,0,256,154,301,39245,54731,8407,5,6122351
156,0,256,155,301,39017,54232,8118,5,6161368
157,0,256,156,301,39918,55583,8248,5,6201286
158,0,256,157,301,41013,56243,8311,5,6242299
159,0,256,158,301,40514,55744,8405,5,6282813
160,0,256,159,301,41121,57114,8538,5,6323934
161,0,256,160,301,38724,53941,8098,5,6362658
162,0,256,161,301,40301,55473,8474,5,6402959
163,0,256,162,301,38536,53919,8079,5,6441495
164,0,256,163,301,38317,54639,8207,5,6479812
165,0,256,164,301,39400,55370,8289,5,6519212
166,0,256,165,301,38911,54363,8091,5,6558123
167,0,256,166,301,39283,54857,8160,5,6597406
168,0,256,167,301,38810,54852,8263,5,6636216
169,0,256,168,301,40572,56207,8410,5,6676788
170,0,256,169,301,41220,56522,8579,5,6718008
171,0,256,170,301,39979,54665,7903,5,6757987
172,0,256,171,301,39654,55099,8230,5,6797641
173,0,256,172,301,40281,55573,8254,5,6837922
174,0,256,173,301,39084,54614,8079,5,6877006
175,0,256,174,301,39347,55300,8293,5,6916353
176,0,256,175,301,38899,54488,8296,5,6955252
177,0,256,176,301,37495,52656,7999,5,6992747
178,0,256,177,301,39155,55170,8366,5,7031902
179,0,256,178,301,39636,54825,8355,5,7071538
180,0,256,179,301,39614,55298,8116,5,7111152
181,0,256,180,301,40618,56577,8572,5,7151770
182,0,256,181,301,38870,53937,8269,5,7190640
183,0,256,182,301,38160,53830,8071,5,7228800
184,0,256,183,301,38331,53577,7999,5,7267131
185,0,256,184,301,40027,55412,8207,5,7307158
186,0,256,185,301,39157,55111,8217,5,7346315
187,0,256,186,301,38712,54020,8201,5,7385027
188,0,256,187,301,40345,55751,8559,5,7425372
189,0,256,188,301,39357,55527,8173,5,7464729
190,0,256,189,301,38408,54047,8226,5,7503137
191,0,256,190,301,40362,56379,8465,5,7543499
192,0,256,191,301,40902,56064,8363,5,7584401
193,0,256,192,301,39879,54953,8180,5,7624280
194,0,256,193,301,39269,54715,8224,5,7663549
195,0,256,194,301,39601,55189,8288,5,7703150
196,0,256,195,301,39266,54807,8312,5,7742416
197,0,256,196,301,40168,56003,8481,5,7782584
198,0,256,197,301,39228,54978,8116,5,7821812
199,0,256,198,301,39995,55714,8375,5,7861807
200,0,256,199,301,38164,53691,7970,5,7899971
201,0,256,200,301,40270,56279,8435,5,7940241
202,0,256,201,301,39546,55460,8280,5,7979787
203,0,256,202,301,40484,56216,8574,5,8020271
204,0,256,203,301,39482,54930,8214,5,8059753
205,0,256,204,301,40142,55760,8506,5,8099895
206,0,256,205,301,40564,55901,8420,5,8140459
207,0,256,206,301,38402,53849,7827,5,8178861
208,0,256,207,301,40223,55581,8426,5,8219084
209,0,256,208,301,39065,55057,8124,5,8258149
210,0,256,209,301,38676,54078,8137,5,8296825
211,0,256,210,301,39712,54889,8265,5,8336537
212,0,256,211,301,38009,53953,8202,5,8374546
213,0,256,212,301,39125,55222,8232,5,8413671
214,0,256,213,301,40572,56141,8529,5,8454243
215,0,256,214,301,39646,54954,8359,5,8493889
216,0,256,215,301,39817,55266,8393,5,8533706
217,0,256,216,301,37883,53606,8011,5,8571589
218,0,256,217,301,41364,56708,8361,5,8612953
219,0,256,218,301,40236,55684,8560,5,8653189
220,0,256,219,301,38052,53758,8052,5,8691241
221,0,256,220,301,39998,55075,8512,5,8731239
222,0,256,221,301,38937,54800,8150,5,8770176
223,0,256,222,301,39648,55076,8175,5,8809824
224,0,256,223,301,40098,55337,8246,5,8849922
225,0,256,224,301,38432,54246,8155,5,8888354
226,0,256,225,301,40328,55953,8359,5,8928682
227,0,256,226,301,39670,55240,8235,5,8968352
228,0,256,227,301,39382,55321,8157,5,9007734
229,0,256,228,301,40386,56016,8288,5,9048120
230,0,256,229,301,39017,54540,8374,5,9087137
231,0,256,230,301,39991,55201,8265,5,9127128
232,0,256,231,301,40140,55549,8419,5,9167268
233,0,256,232,301,38374,53816,7970,5,9205642
234,0,256,233,301,39567,55584,8430,5,9245209
235,0,256,234,301,39248,54696,8366,5,9284457
236,0,256,235,301,41944,57123,8678,5,9326401
237,0,256,236,301,40225,55421,8281,5,9366626
238,0,256,237,301,39253,54546,8188,5,9405879
239,0,256,238,301,40448,55859,8330,5,9446327
240,0,256,239,301,38550,54030,8004,5,9484877
241,0,256,240,301,40138,55656,8374,5,9525015
242,0,256,241,301,39977,54271,7969,5,9564992
243,0,256,242,301,38730,54584,8146,5,9603722
244,0,256,243,301,38644,54168,8255,5,9642366
245,0,256,244,301,39845,55161,8218,5,9682211
246,0,256,245,301,40260,55788,8493,5,9722471
247,0,256,246,301,40349,55710,8249,5,9762820
248,0,256,247,301,38378,53327,8262,5,9801198
249,0,256,248,301,40315,55816,8529,5,9841513
250,0,256,249,301,39451,55220,8276,5,9880964
251,0,256,250,301,39713,55409,8201,5,9920677
252,0,256,251,301,39275,54447,8054,5,9959952
253,0,256,252,301,40048,55527,8163,5,10000000
