endpoint,word,child_aoa,model_aoa_log10_step,n_subword_tokens,n_points,first_step,last_step
control,airplane,20.857213364310372,7.041794803384003,1,12,1000000.0,30000000.0
control,animal,24.330089945071023,6.847640268862069,1,12,1000000.0,30000000.0
control,arm,21.99539913263884,6.8977771461450175,1,12,1000000.0,30000000.0
control,asleep,24.723574946808974,7.001358476991439,1,12,1000000.0,30000000.0
control,aunt,25.525525066233225,7.138846249987527,1,12,1000000.0,30000000.0
control,awake,25.8884576271836,7.03368123490646,1,12,1000000.0,30000000.0
control,backyard,27.587137860896238,7.294195627950892,2,12,1000000.0,30000000.0
control,bad,25.24613058723793,6.767849409093061,1,12,1000000.0,30000000.0
control,basket,26.039532817543783,7.123375084599845,1,12,1000000.0,30000000.0
control,bat,27.097241206641463,7.1616974050900835,1,12,1000000.0,30000000.0
control,bath,18.505566610748357,7.036116189910281,1,12,1000000.0,30000000.0
control,beach,26.499831193868143,7.002926900102238,1,12,1000000.0,30000000.0
control,bed,20.670831293608018,6.847240852363097,1,12,1000000.0,30000000.0
control,bedroom,25.160391755050476,6.814303490591112,1,12,1000000.0,30000000.0
control,better,27.4836269032841,6.177050149373433,1,12,1000000.0,30000000.0
control,bib,24.42989021903271,7.071380303970377,1,12,1000000.0,30000000.0
control,big,22.607359585163238,6.766295811470597,1,12,1000000.0,30000000.0
control,bird,18.06848056468084,6.783664071918494,1,12,1000000.0,30000000.0
control,bite,22.943816797389026,7.1734035713429565,1,12,1000000.0,30000000.0
control,black,25.804687037784696,6.791021696106416,1,12,1000000.0,30000000.0
control,block,21.984059781669306,7.299873438178085,1,12,1000000.0,30000000.0
control,blue,22.642599694308036,6.800708545466313,1,12,1000000.0,30000000.0
control,boat,21.092331322802426,6.787633436500394,1,12,1000000.0,30000000.0
control,boots,21.72477463112487,7.21823589640017,1,12,1000000.0,30000000.0
control,bottle,20.82785610568821,6.77831311453541,1,12,1000000.0,30000000.0
control,bottom,22.21268312207221,6.868772978828494,1,12,1000000.0,30000000.0
control,bowl,22.558643297425284,6.991336953784412,1,12,1000000.0,30000000.0
control,box,22.744450977282813,6.8448922868892295,1,12,1000000.0,30000000.0
control,boy,23.9923879977722,6.948168732459629,1,12,1000000.0,30000000.0
control,bread,22.252228192835148,7.298353881709596,1,12,1000000.0,30000000.0
control,break,25.062903657705817,6.877870534723769,1,12,1000000.0,30000000.0
control,breakfast,24.161838030910175,6.8826596419028965,1,12,1000000.0,30000000.0
control,bring,26.76659041051839,6.786593827713403,1,12,1000000.0,30000000.0
control,broken,23.62808164061539,7.1504303175660135,1,12,1000000.0,30000000.0
control,brother,27.4731814681999,6.904306659015062,1,12,1000000.0,30000000.0
control,brown,26.727189326690834,6.878577011297193,1,12,1000000.0,30000000.0
control,build,26.870721478274586,6.861371600453652,1,12,1000000.0,30000000.0
control,bus,20.85319790543193,6.79231706524138,1,12,1000000.0,30000000.0
control,butter,25.064198626684203,7.08488538028742,1,12,1000000.0,30000000.0
control,button,23.297598677811564,7.032948374200116,1,12,1000000.0,30000000.0
control,buy,27.89149822311601,6.843002116480016,1,12,1000000.0,30000000.0
control,cake,22.219009204871558,7.170307812227342,1,12,1000000.0,30000000.0
control,camera,25.871615597327157,6.821746912276205,1,12,1000000.0,30000000.0
control,candy,23.38912238818194,7.056695652294762,1,12,1000000.0,30000000.0
control,car,17.496796781553705,6.804825635156404,1,12,1000000.0,30000000.0
control,careful,26.38063961823633,6.825420552109719,1,12,1000000.0,30000000.0
control,carry,25.336988814569168,6.888600415674404,1,12,1000000.0,30000000.0
control,cat,18.228507346753123,6.912722798085997,1,12,1000000.0,30000000.0
control,catch,25.372205870213676,6.949783024753164,1,12,1000000.0,30000000.0
control,cereal,22.708870905740664,7.415844690151349,1,12,1000000.0,30000000.0
control,chair,21.225459750312105,7.0169674190658755,1,12,1000000.0,30000000.0
control,cheek,23.2702739213262,7.225141578915691,1,12,1000000.0,30000000.0
control,cheerios,24.062888534669234,7.274843436992105,2,12,1000000.0,30000000.0
control,chocolate,24.58033128800783,7.11383324063434,1,12,1000000.0,30000000.0
control,climb,25.58444891978825,7.083097894694771,1,12,1000000.0,30000000.0
control,clock,23.99618230263423,7.0756230630531665,1,12,1000000.0,30000000.0
control,close,24.519368084825462,6.48571332031128,1,12,1000000.0,30000000.0
control,coat,22.922576688186258,7.074251054576936,1,12,1000000.0,30000000.0
control,coffee,24.665622637597178,7.0247390521686,1,12,1000000.0,30000000.0
control,cold,21.557924255355925,6.937477732324332,1,12,1000000.0,30000000.0
control,comb,25.991290549889374,7.007763559370102,1,12,1000000.0,30000000.0
control,cook,25.150438741536785,7.167999885702217,1,12,1000000.0,30000000.0
control,corn,24.30521021007631,7.2950122589932525,1,12,1000000.0,30000000.0
control,couch,24.274913544484477,6.767345265819089,1,12,1000000.0,30000000.0
control,cover,29.120587673006845,6.9959063286522625,1,12,1000000.0,30000000.0
control,cry,23.357992706748902,6.832514034215693,1,12,1000000.0,30000000.0
control,cup,20.04657761410228,7.0247896320802266,1,12,1000000.0,30000000.0
control,cut,26.48415491454615,7.090003207160449,1,12,1000000.0,30000000.0
control,day,28.57030413820359,6.785232320380633,1,12,1000000.0,30000000.0
control,dinner,24.335488629604637,6.9748444039433215,1,12,1000000.0,30000000.0
control,dish,28.392517499821075,7.325926926329971,1,12,1000000.0,30000000.0
control,doctor,25.058857514368704,6.843889458002399,1,12,1000000.0,30000000.0
control,doll,23.083057299428276,6.933356966784391,1,12,1000000.0,30000000.0
control,door,21.094330119099542,6.772640001685516,1,12,1000000.0,30000000.0
control,draw,25.332147277029616,7.063889144372073,1,12,1000000.0,30000000.0
control,drawer,28.011508334888347,7.082293780268893,1,12,1000000.0,30000000.0
control,drive,25.239924635828906,7.025010830991879,1,12,1000000.0,30000000.0
control,drop,26.122703160314753,7.026774432626929,1,12,1000000.0,30000000.0
control,ear,18.557045885439496,6.865182449831633,1,12,1000000.0,30000000.0
control,eat,20.38286318166485,7.067938649008319,1,12,1000000.0,30000000.0
control,egg,21.979637752951344,7.165213883440508,1,12,1000000.0,30000000.0
control,eye,17.56441529060678,6.891881297002771,1,12,1000000.0,30000000.0
control,face,23.708999528999072,6.28000553416274,1,12,1000000.0,30000000.0
control,fall,23.398800241984326,6.900026884197307,1,12,1000000.0,30000000.0
control,farm,28.02073014859909,6.943464609009253,1,12,1000000.0,30000000.0
control,fast,25.50491253156236,6.679997035144916,1,12,1000000.0,30000000.0
control,feed,27.19892571562119,7.029843302177482,1,12,1000000.0,30000000.0
control,find,25.64249106636554,6.757912365164002,1,12,1000000.0,30000000.0
control,finger,21.849311819029033,6.8031676373579675,1,12,1000000.0,30000000.0
control,finish,27.879604149197586,7.210530639825897,1,12,1000000.0,30000000.0
control,first,28.986200167021508,6.219731679655043,1,12,1000000.0,30000000.0
control,fit,29.91292643388448,7.1595478279201785,1,12,1000000.0,30000000.0
control,fix,25.022576246429,7.007426441502832,1,12,1000000.0,30000000.0
control,flag,27.41475309249198,7.036336652190529,1,12,1000000.0,30000000.0
control,flower,21.001766818807774,6.956111726061194,1,12,1000000.0,30000000.0
control,food,23.482138731792105,6.935158284633596,1,12,1000000.0,30000000.0
control,foot,21.095607950124922,6.911256627028339,1,12,1000000.0,30000000.0
control,friend,26.671894161677375,6.810561892631578,1,12,1000000.0,30000000.0
control,game,26.554617597246853,6.938283654488839,1,12,1000000.0,30000000.0
control,garage,27.447544584468154,7.317400003893695,1,12,1000000.0,30000000.0
control,get,24.364636413972246,6.701658479608453,1,12,1000000.0,30000000.0
control,girl,24.667729430346036,6.82561258967901,1,12,1000000.0,30000000.0
control,give,25.598843914428592,6.722652500236225,1,12,1000000.0,30000000.0
control,glass,26.12412706803039,6.94108871222761,1,12,1000000.0,30000000.0
control,glasses,23.829833304182998,7.291179457943103,1,12,1000000.0,30000000.0
control,gloves,27.18554578254517,7.204272629818322,1,12,1000000.0,30000000.0
control,go,19.7106217091394,6.502431975601951,1,12,1000000.0,30000000.0
control,grandpa,18.888869147169988,7.163123016466264,1,12,1000000.0,30000000.0
control,grass,23.607923804559615,6.591638539495575,1,12,1000000.0,30000000.0
control,green,24.21157425029654,6.846960714896573,1,12,1000000.0,30000000.0
control,hair,19.9970789541941,6.8968074274351086,1,12,1000000.0,30000000.0
control,hammer,26.73579634805976,7.354216134709983,1,12,1000000.0,30000000.0
control,hand,21.18568722469747,6.772612923880118,1,12,1000000.0,30000000.0
control,happy,23.945755954119555,6.813830067680654,1,12,1000000.0,30000000.0
control,hard,28.11969960472,6.774071121291152,1,12,1000000.0,30000000.0
control,hat,18.89138270526583,6.8740912665283345,1,12,1000000.0,30000000.0
control,have,25.902575376900778,6.126562850421264,1,12,1000000.0,30000000.0
control,head,21.410556416835345,6.606232209116284,1,12,1000000.0,30000000.0
control,hear,26.993574492322516,6.796059576286164,1,12,1000000.0,30000000.0
control,heavy,24.999180520722337,6.745471131816973,1,12,1000000.0,30000000.0
control,help,22.549129293001915,6.780134227396943,1,12,1000000.0,30000000.0
control,hide,25.18501031653013,6.8596369882564385,1,12,1000000.0,30000000.0
control,high,26.708808302132432,6.8380180351438655,1,12,1000000.0,30000000.0
control,hit,24.603751287542018,7.277222608909526,1,12,1000000.0,30000000.0
control,hold,25.248945239146906,6.876454794213496,1,12,1000000.0,30000000.0
control,home,21.78006375395454,6.489122841642989,1,12,1000000.0,30000000.0
control,horse,21.207865708611973,6.834598719012747,1,12,1000000.0,30000000.0
control,hose,28.234924324341566,6.886621117910888,2,12,1000000.0,30000000.0
control,hot,18.922355478495714,6.96329882802031,1,12,1000000.0,30000000.0
control,house,23.090503002489797,6.756510509082271,1,12,1000000.0,30000000.0
control,hurry,27.95475143625973,7.033483152975322,1,12,1000000.0,30000000.0
control,hurt,24.746533842465965,6.78959290096369,1,12,1000000.0,30000000.0
control,ice,23.464365625838706,6.907366496573917,1,12,1000000.0,30000000.0
control,jacket,23.477574623889407,7.16451848091145,1,12,1000000.0,30000000.0
control,jeans,28.96130506431679,6.93892128146639,2,12,1000000.0,30000000.0
control,juice,19.337110489192803,7.21265182855282,1,12,1000000.0,30000000.0
control,jump,22.877728721484658,6.9053404529016715,1,12,1000000.0,30000000.0
control,kiss,21.57034386718253,6.989795741002986,1,12,1000000.0,30000000.0
control,knife,25.31616693081719,6.980177230782739,1,12,1000000.0,30000000.0
control,knock,26.086781584080928,7.008134664750783,1,12,1000000.0,30000000.0
control,later,28.08468448252086,6.598577204513575,1,12,1000000.0,30000000.0
control,leg,22.967834744581136,6.935113334685632,1,12,1000000.0,30000000.0
control,lick,27.831628726846333,6.916316574326878,2,12,1000000.0,30000000.0
control,light,21.573068682350033,6.894911206501006,1,12,1000000.0,30000000.0
control,like,25.75007721668643,6.274762922185662,1,12,1000000.0,30000000.0
control,lion,22.93884161407195,6.793824706309463,1,12,1000000.0,30000000.0
control,lips,25.482076843958392,6.88368858176174,1,12,1000000.0,30000000.0
control,listen,28.048745584501315,6.773723314774458,1,12,1000000.0,30000000.0
control,loud,26.12765077192083,6.968006275681996,1,12,1000000.0,30000000.0
control,love,23.249110931637965,6.8065087247929625,1,12,1000000.0,30000000.0
control,lunch,24.37307490241634,6.963010409918432,1,12,1000000.0,30000000.0
control,make,26.76673663101711,6.282202056434359,1,12,1000000.0,30000000.0
control,man,26.239323453067815,6.353520665542943,1,12,1000000.0,30000000.0
control,meat,26.824160865348063,7.023127662817395,1,12,1000000.0,30000000.0
control,medicine,24.709281294511936,7.006469555990882,1,12,1000000.0,30000000.0
control,milk,18.255048075517685,7.126068178286753,1,12,1000000.0,30000000.0
control,money,24.59030107938586,6.908411334289533,1,12,1000000.0,30000000.0
control,monkey,21.420862525347772,6.877215259750965,1,12,1000000.0,30000000.0
control,moon,21.266352929569763,6.777444251485283,1,12,1000000.0,30000000.0
control,morning,26.726898941775957,6.9510041110058625,1,12,1000000.0,30000000.0
control,mouth,20.209807579108084,6.890375869965413,1,12,1000000.0,30000000.0
control,movie,27.917043742420812,6.682062260665693,1,12,1000000.0,30000000.0
control,muffin,26.196634213174725,6.866894413671774,2,12,1000000.0,30000000.0
control,nap,22.674625384618004,7.353592105104644,1,12,1000000.0,30000000.0
control,new,28.840785987993776,6.352696757481915,1,12,1000000.0,30000000.0
control,nice,25.83342302182803,6.7643448620605335,1,12,1000000.0,30000000.0
control,night,24.482917590787725,6.596687406916407,1,12,1000000.0,30000000.0
control,nose,17.566643472145085,6.998456161522492,1,12,1000000.0,30000000.0
control,open,22.114445562602707,6.8260890546215505,1,12,1000000.0,30000000.0
control,outside,20.586834888836407,6.903701106366022,1,12,1000000.0,30000000.0
control,oven,27.085939648491006,7.128845972142774,1,12,1000000.0,30000000.0
control,owl,23.33001152771118,7.080181849657897,1,12,1000000.0,30000000.0
control,paint,26.332309328783996,7.238889472771819,1,12,1000000.0,30000000.0
control,pancake,24.068571454323198,7.03275677146055,2,12,1000000.0,30000000.0
control,pants,21.936410314208324,7.273289872969094,1,12,1000000.0,30000000.0
control,paper,22.99233148218998,6.932670888410698,1,12,1000000.0,30000000.0
control,park,22.878206476855862,6.912847232085124,1,12,1000000.0,30000000.0
control,party,25.998215555193525,6.800682323939108,1,12,1000000.0,30000000.0
control,peas,24.90319915475007,7.13747163197839,1,12,1000000.0,30000000.0
control,pen,24.683860647952418,7.36406681105335,1,12,1000000.0,30000000.0
control,pencil,26.157410646038286,7.186971603133857,1,12,1000000.0,30000000.0
control,penguin,26.410930852292893,7.0637395111800085,2,12,1000000.0,30000000.0
control,people,27.729170763166103,6.221130598938549,1,12,1000000.0,30000000.0
control,picture,24.12466878869911,7.080758544696047,1,12,1000000.0,30000000.0
control,plant,27.17845363579105,7.2405857418881885,1,12,1000000.0,30000000.0
control,plate,23.881971479516967,7.262396650702071,1,12,1000000.0,30000000.0
control,play,22.7220598630656,6.789201115072752,1,12,1000000.0,30000000.0
control,playground,27.30454893601479,7.172559676056028,2,12,1000000.0,30000000.0
control,police,28.97367753515442,6.787406886812379,1,12,1000000.0,30000000.0
control,pool,23.89664497593775,7.251768171399072,1,12,1000000.0,30000000.0
control,potato,25.588497667339652,7.293637596424296,1,12,1000000.0,30000000.0
control,potty,21.289637906455926,7.296270737943502,2,12,1000000.0,30000000.0
control,present,25.256832955307473,6.787923509349256,1,12,1000000.0,30000000.0
control,pretzel,27.360483906307053,6.679887551010511,3,12,1000000.0,30000000.0
control,pull,26.217858907282245,6.972011738358826,1,12,1000000.0,30000000.0
control,push,24.61567138170203,7.271251240112455,1,12,1000000.0,30000000.0
control,quiet,26.982735254027116,6.848402862569759,1,12,1000000.0,30000000.0
control,rain,22.292559546340982,6.852267324359321,1,12,1000000.0,30000000.0
control,read,23.095216853951683,6.795216844272359,1,12,1000000.0,30000000.0
control,red,23.71687667589879,6.8459532723163665,1,12,1000000.0,30000000.0
control,ride,24.760593586765484,7.077418680923435,1,12,1000000.0,30000000.0
control,rock,22.67177290650117,6.682836050443802,1,12,1000000.0,30000000.0
control,room,24.722076365420904,6.733765342018982,1,12,1000000.0,30000000.0
control,run,23.46802530452093,6.953766743943578,1,12,1000000.0,30000000.0
control,sad,26.12385805343161,6.857103327313722,1,12,1000000.0,30000000.0
control,sandwich,24.988534728639095,7.342480305463326,1,12,1000000.0,30000000.0
control,sauce,28.909244090020106,7.107851147676388,1,12,1000000.0,30000000.0
control,say,27.143040225343398,6.736776284928459,1,12,1000000.0,30000000.0
control,scared,26.521437608452025,6.940447548244138,1,12,1000000.0,30000000.0
control,school,23.937530807499474,6.806866630781189,1,12,1000000.0,30000000.0
control,see,23.26497097971234,6.721265736282524,1,12,1000000.0,30000000.0
control,shake,27.550797616364726,7.0732985872191545,1,12,1000000.0,30000000.0
control,share,26.32381034652683,6.999566108370505,1,12,1000000.0,30000000.0
control,sheep,23.25988784977189,7.1570376798938655,1,12,1000000.0,30000000.0
control,shirt,21.81321042623773,7.053327763461253,1,12,1000000.0,30000000.0
control,shopping,26.165070893047815,7.321598677659455,1,12,1000000.0,30000000.0
control,shovel,26.187099976529097,7.149500190843231,1,12,1000000.0,30000000.0
control,show,27.51748617185101,6.797579655740055,1,12,1000000.0,30000000.0
control,shower,24.142481410581965,7.280565262946941,1,12,1000000.0,30000000.0
control,sick,26.810475954734216,6.873628540357515,1,12,1000000.0,30000000.0
control,sing,24.394043224950867,6.951662010101388,1,12,1000000.0,30000000.0
control,sink,25.39558925497061,7.302750226548234,1,12,1000000.0,30000000.0
control,sister,27.616276000578306,6.805444202955897,1,12,1000000.0,30000000.0
control,sit,21.993039748466675,7.183288326007565,1,12,1000000.0,30000000.0
control,sky,24.28770977177167,6.813393333873586,1,12,1000000.0,30000000.0
control,sleep,22.902856230719685,6.801754516258583,1,12,1000000.0,30000000.0
control,slipper,27.842979416757387,7.3059092279960325,1,12,1000000.0,30000000.0
control,slow,28.72766020830381,6.926614802659479,1,12,1000000.0,30000000.0
control,snow,24.687574502270998,6.863205029190552,1,12,1000000.0,30000000.0
control,soap,22.847457883648175,7.315329208148456,1,12,1000000.0,30000000.0
control,soft,26.553159844649922,6.727800993626989,1,12,1000000.0,30000000.0
control,soup,24.801226241774163,7.320685416900266,1,12,1000000.0,30000000.0
control,spaghetti,24.726416693619992,7.398228257878112,1,12,1000000.0,30000000.0
control,splash,25.71250883152326,7.229997188355873,2,12,1000000.0,30000000.0
control,spoon,20.39908980036582,7.061642542905031,1,12,1000000.0,30000000.0
control,stairs,24.467643662000622,6.804755832990544,1,12,1000000.0,30000000.0
control,star,22.531843509244336,6.854581006657177,1,12,1000000.0,30000000.0
control,stop,22.7025658907012,6.895790067061806,1,12,1000000.0,30000000.0
control,store,24.24553978030457,7.138713468050218,1,12,1000000.0,30000000.0
control,story,24.83326348723299,6.6525013602242,1,12,1000000.0,30000000.0
control,stove,27.921580602893854,6.9878864593455035,1,12,1000000.0,30000000.0
control,strawberry,23.553803863761342,7.463337046190735,1,12,1000000.0,30000000.0
control,street,25.889294579190338,6.883911176695794,1,12,1000000.0,30000000.0
control,stroller,24.699849125295277,6.729423411481897,3,12,1000000.0,30000000.0
control,stuck,26.18224202591845,6.98178852125637,1,12,1000000.0,30000000.0
control,sun,22.620513837393432,6.777324191689852,1,12,1000000.0,30000000.0
control,sweater,25.835012184430894,7.442205705173297,1,12,1000000.0,30000000.0
control,swim,24.758145909832024,6.998018631325078,1,12,1000000.0,30000000.0
control,table,23.623454640728905,6.856288410539831,1,12,1000000.0,30000000.0
control,take,26.912440144087405,6.721665762694097,1,12,1000000.0,30000000.0
control,talk,26.1666744723998,7.171714470520197,1,12,1000000.0,30000000.0
control,taste,28.750765928594387,7.066116922995283,1,12,1000000.0,30000000.0
control,teacher,28.36884966091159,6.934604848762226,1,12,1000000.0,30000000.0
control,throw,24.69394529214973,6.913580293048812,1,12,1000000.0,30000000.0
control,tired,25.834664804067693,7.083633120129235,1,12,1000000.0,30000000.0
control,tissue,24.71696112712117,7.030298112170039,1,12,1000000.0,30000000.0
control,toast,24.044372357030184,7.434518565760575,1,12,1000000.0,30000000.0
control,today,29.606093090564784,6.968663025814682,1,12,1000000.0,30000000.0
control,toe,21.395570001766806,7.1996773325027466,1,12,1000000.0,30000000.0
control,tongue,23.45827047984588,6.965385003256034,1,12,1000000.0,30000000.0
control,toothbrush,21.901510940070903,6.951206392040287,3,12,1000000.0,30000000.0
control,touch,26.191196798431903,7.269370275007007,1,12,1000000.0,30000000.0
control,towel,23.4306490143011,7.089310188215365,1,12,1000000.0,30000000.0
control,train,21.08687529603096,7.173914762761383,1,12,1000000.0,30000000.0
control,trash,24.991016369949445,6.954142448728937,2,12,1000000.0,30000000.0
control,tree,20.777050994395196,6.912800089264687,1,12,1000000.0,30000000.0
control,truck,19.835819314022853,7.063146295136413,1,12,1000000.0,30000000.0
control,tummy,21.512549094910526,7.329050548987677,1,12,1000000.0,30000000.0
control,uncle,26.177142576410148,6.937097923828317,1,12,1000000.0,30000000.0
control,vitamins,29.851211676176195,7.411177069867388,1,12,1000000.0,30000000.0
control,wait,26.10356767864079,6.80166179407433,1,12,1000000.0,30000000.0
control,walk,22.875757281123708,6.908014071647797,1,12,1000000.0,30000000.0
control,wash,23.84021130656202,7.453229039833037,1,12,1000000.0,30000000.0
control,wet,22.701452718509607,7.172834685367017,1,12,1000000.0,30000000.0
control,white,26.40244979152026,6.67530371996625,1,12,1000000.0,30000000.0
control,wind,26.109702397075804,6.880136737577744,1,12,1000000.0,30000000.0
control,window,24.902760458259664,6.767440316845139,1,12,1000000.0,30000000.0
control,windy,27.379365497599913,6.258833528328077,2,12,1000000.0,30000000.0
control,write,28.395648019984414,6.892658429267161,1,12,1000000.0,30000000.0
control,yard,29.20563666993601,7.348777643813857,1,12,1000000.0,30000000.0
control,yellow,23.813112283182036,6.732035100861467,1,12,1000000.0,30000000.0
control,zipper,24.876762898753164,7.106879233730787,2,12,1000000.0,30000000.0
