model,task_id,pair_id,split,axis,condition,expected_margin,delta_vs_parent,expected_correct,parent_expected_correct,changed_correctness_vs_parent,original_nll,altered_nll,frame
compact_equal_epoch,h01_gas_price,rw2s1_000216,held_source,quantity,source_original,3.4248524173162878,0.13607805408537388,True,True,False,0.03362019220367074,3.4584726095199585,Gas prices were rising by [ANS] in March.
compact_equal_epoch,h01_gas_price,rw2s1_000216,held_source,quantity,source_altered,3.5141533333808184,0.3007833929732442,True,True,False,3.5675184428691864,0.053365109488368034,Gas prices were rising by [ANS] in March.
compact_equal_epoch,h01_gas_price,rw2s1_000216,held_source,quantity,no_source,0.10883533954620361,0.10992014408111572,True,False,True,3.115886092185974,3.2247214317321777,Gas prices were rising by [ANS] in March.
compact_equal_epoch,h02_rating,rw_000248,held_source,quantity,source_original,4.890054516494274,0.28891558200120926,True,True,False,0.0237090066075325,4.913763523101807,Renee Schonfeld rated the film [ANS] out of 5 stars.
compact_equal_epoch,h02_rating,rw_000248,held_source,quantity,source_altered,3.4344712048768997,0.02187546342611313,True,True,False,3.5077245235443115,0.0732533186674118,Renee Schonfeld rated the film [ANS] out of 5 stars.
compact_equal_epoch,h02_rating,rw_000248,held_source,quantity,no_source,-0.38974666595458984,0.10430800914764404,False,False,False,2.355191469192505,1.965444803237915,Renee Schonfeld rated the film [ANS] out of 5 stars.
compact_equal_epoch,h03_protest_duration,rw_001604,held_source,quantity_time,source_original,-1.9119703769683838,0.2013380527496338,False,False,False,8.318613052368164,6.40664267539978,The protest period was [ANS].
compact_equal_epoch,h03_protest_duration,rw_001604,held_source,quantity_time,source_altered,2.1081457932790126,-0.18131454785664758,True,True,False,8.381787618001303,6.27364182472229,The protest period was [ANS].
compact_equal_epoch,h03_protest_duration,rw_001604,held_source,quantity_time,no_source,-2.1123336156209316,0.2911818027496338,False,False,False,8.438153584798178,6.325819969177246,The protest period was [ANS].
compact_equal_epoch,h04_cherry_food,rw2s0_009985,held_source,object,source_original,7.531831508735195,0.2894646192435175,True,True,False,0.003417724510654807,7.53524923324585,On Saturday he ate a piece of cherry [ANS].
compact_equal_epoch,h04_cherry_food,rw2s0_009985,held_source,object,source_altered,1.2437553405761719,-0.2850179970264435,True,True,False,1.5223170518875122,0.27856171131134033,On Saturday he ate a piece of cherry [ANS].
compact_equal_epoch,h04_cherry_food,rw2s0_009985,held_source,object,no_source,3.4889220744371414,0.2468147724866867,True,True,False,0.1600366085767746,3.648958683013916,On Saturday he ate a piece of cherry [ANS].
compact_equal_epoch,h05_eagle_feathers,rw2s1_013643,held_source,quantity,source_original,2.133476197719574,0.016030170023441315,True,True,False,0.06357096135616302,2.197047159075737,The seizure involved [ANS] eagle feathers.
compact_equal_epoch,h05_eagle_feathers,rw2s1_013643,held_source,quantity,source_altered,2.054804440587759,0.02803962305188179,True,True,False,2.1141610257327557,0.05935658514499664,The seizure involved [ANS] eagle feathers.
compact_equal_epoch,h05_eagle_feathers,rw2s1_013643,held_source,quantity,no_source,-0.045731544494628906,-0.07336950302124023,False,True,True,2.0102381706237793,1.9645066261291504,The seizure involved [ANS] eagle feathers.
compact_equal_epoch,h06_ramadan_food,rw2s1_017873,held_source,object,source_original,12.164375256747007,0.03272956237196922,True,True,False,0.03397088125348091,12.198346138000488,"At the end of Ramadan, Muslims received salt and pepper on a fruit [ANS]."
compact_equal_epoch,h06_ramadan_food,rw2s1_017873,held_source,object,source_altered,10.2733916323632,0.03195353038609028,True,True,False,10.286691665649414,0.013300033286213875,"At the end of Ramadan, Muslims received salt and pepper on a fruit [ANS]."
compact_equal_epoch,h06_ramadan_food,rw2s1_017873,held_source,object,no_source,0.6734733581542969,0.2232513427734375,True,True,False,5.4720659255981445,6.145539283752441,"At the end of Ramadan, Muslims received salt and pepper on a fruit [ANS]."
compact_equal_epoch,h07_modern_art_city,rw2s1_002259,held_source,location,source_original,5.289751383475959,0.8205263998825103,True,True,False,0.008359101600944996,5.298110485076904,The piece could go in the Museum of Modern Art in [ANS].
compact_equal_epoch,h07_modern_art_city,rw2s1_002259,held_source,location,source_altered,5.805018275976181,0.1170042846351862,True,True,False,5.823704719543457,0.018686443567276,The piece could go in the Museum of Modern Art in [ANS].
compact_equal_epoch,h07_modern_art_city,rw2s1_002259,held_source,location,no_source,1.3795912265777588,-0.01469123363494873,True,True,False,4.178771257400513,5.5583624839782715,The piece could go in the Museum of Modern Art in [ANS].
compact_equal_epoch,h08_navarino_year,rw2s0_004620,held_source,quantity_time,source_original,1.326003051828593,0.05461838701739907,True,True,False,0.012798037729226053,1.338801089557819,The Navarino event occurred on October 20 [ANS].
compact_equal_epoch,h08_navarino_year,rw2s0_004620,held_source,quantity_time,source_altered,0.9906401205807924,0.05776495859026909,True,True,False,1.0142667432082817,0.02362662262748927,The Navarino event occurred on October 20 [ANS].
compact_equal_epoch,h08_navarino_year,rw2s0_004620,held_source,quantity_time,no_source,0.08327150344848633,0.004010677337646484,True,True,False,2.352085530757904,2.4353570342063904,The Navarino event occurred on October 20 [ANS].
compact_equal_epoch,t01_skelton_value,rw2s0_002308,trained_content,property,source_original,11.215449765324593,0.3945280611515045,True,True,False,0.17990927398204803,11.39535903930664,Skelton Village's north part had extreme environmental [ANS].
compact_equal_epoch,t01_skelton_value,rw2s0_002308,trained_content,property,source_altered,5.6566625237464905,0.26218360662460327,True,True,False,6.321113109588623,0.6644505858421326,Skelton Village's north part had extreme environmental [ANS].
compact_equal_epoch,t01_skelton_value,rw2s0_002308,trained_content,property,no_source,1.3935775756835938,0.15709877014160156,True,True,False,6.414312839508057,7.80789041519165,Skelton Village's north part had extreme environmental [ANS].
compact_equal_epoch,t02_baku_institution,rw2s0_006924,trained_content,institution,source_original,6.288675109390169,0.1899433215148747,True,True,False,0.00759144639596343,6.296266555786133,The theology dean worked at Baku State [ANS].
compact_equal_epoch,t02_baku_institution,rw2s0_006924,trained_content,institution,source_altered,5.172866666689515,0.23471233807504177,True,True,False,5.19045877456665,0.017592107877135277,The theology dean worked at Baku State [ANS].
compact_equal_epoch,t02_baku_institution,rw2s0_006924,trained_content,institution,no_source,2.0519704818725586,-0.004364967346191406,True,True,False,1.4961278438568115,3.54809832572937,The theology dean worked at Baku State [ANS].
compact_equal_epoch,t03_oil_object,rw2s0_010026,trained_content,object,source_original,12.60890793427825,0.025241557508707047,True,True,False,0.038984064012765884,12.647891998291016,Mosaddegh's policy was to nationalize Iran's oil [ANS].
compact_equal_epoch,t03_oil_object,rw2s0_010026,trained_content,object,source_altered,8.816108733415604,0.7125463560223579,True,True,False,8.892668724060059,0.07655999064445496,Mosaddegh's policy was to nationalize Iran's oil [ANS].
compact_equal_epoch,t03_oil_object,rw2s0_010026,trained_content,object,no_source,4.836557388305664,-0.07475471496582031,True,True,False,3.174560546875,8.011117935180664,Mosaddegh's policy was to nationalize Iran's oil [ANS].
compact_equal_epoch,t04_casualty_uncertainty,rw2s0_014542,trained_content,qualification,source_original,0.36826324462890625,0.8406896591186523,True,False,True,2.1649043560028076,2.533167600631714,The number of Protestants murdered in the outbreak was [ANS].
compact_equal_epoch,t04_casualty_uncertainty,rw2s0_014542,trained_content,qualification,source_altered,4.693896174430847,0.41407763957977295,True,True,False,6.29364013671875,1.5997439622879028,The number of Protestants murdered in the outbreak was [ANS].
compact_equal_epoch,t04_casualty_uncertainty,rw2s0_014542,trained_content,qualification,no_source,-1.004836082458496,-0.1144113540649414,False,False,False,12.778727531433105,11.77389144897461,The number of Protestants murdered in the outbreak was [ANS].
compact_equal_epoch,t05_manning_role,rw2s0_019304,trained_content,role,source_original,13.297654747962952,0.6746169179677963,True,True,False,0.19276130199432373,13.490416049957275,Ed Manning was a professional and college [ANS].
compact_equal_epoch,t05_manning_role,rw2s0_019304,trained_content,role,source_altered,3.5514996824786067,0.0997582245618105,True,True,False,3.6464171409606934,0.09491745848208666,Ed Manning was a professional and college [ANS].
compact_equal_epoch,t05_manning_role,rw2s0_019304,trained_content,role,no_source,2.896857976913452,-0.13567757606506348,True,True,False,4.972725868225098,7.86958384513855,Ed Manning was a professional and college [ANS].
compact_equal_epoch,t06_mass_day,rw2s0_019852,trained_content,time,source_original,4.604527570307255,0.2644779607653618,True,True,False,0.09363021701574326,4.698157787322998,The speaker went to Mass that [ANS].
compact_equal_epoch,t06_mass_day,rw2s0_019852,trained_content,time,source_altered,4.332546949386597,0.04766625165939331,True,True,False,4.753655433654785,0.4211084842681885,The speaker went to Mass that [ANS].
compact_equal_epoch,t06_mass_day,rw2s0_019852,trained_content,time,no_source,0.4534130096435547,0.19171619415283203,True,True,False,6.0173139572143555,6.47072696685791,The speaker went to Mass that [ANS].
compact_equal_epoch,t07_music_change,rw2s0_020973,trained_content,ordered_change,source_original,5.828368782997131,1.491815209388733,True,True,False,1.6088536977767944,7.437222480773926,The tune could change from fast to [ANS].
compact_equal_epoch,t07_music_change,rw2s0_020973,trained_content,ordered_change,source_altered,0.4729647636413574,0.5430917739868164,True,False,True,6.234468460083008,5.76150369644165,The tune could change from fast to [ANS].
compact_equal_epoch,t07_music_change,rw2s0_020973,trained_content,ordered_change,no_source,3.7568438053131104,-0.06264996528625488,True,True,False,3.7367794513702393,7.49362325668335,The tune could change from fast to [ANS].
compact_equal_epoch,t08_abingdon_refusal,rw2s0_025051,trained_content,polarity_action,source_original,3.339903771877289,0.7397468686103821,True,True,False,0.6687455773353577,4.0086493492126465,The Abingdon workers [ANS] to return.
compact_equal_epoch,t08_abingdon_refusal,rw2s0_025051,trained_content,polarity_action,source_altered,6.50342370569706,-0.08419209718704224,True,True,False,6.718247413635254,0.21482370793819427,The Abingdon workers [ANS] to return.
compact_equal_epoch,t08_abingdon_refusal,rw2s0_025051,trained_content,polarity_action,no_source,-0.5028219223022461,0.1801624298095703,False,False,False,5.177392482757568,4.674570560455322,The Abingdon workers [ANS] to return.
compact_equal_epoch,t09_route_opposite,rw2s0_029078,trained_content,spatial_relation,source_original,-1.8405475616455078,0.27870750427246094,False,False,False,10.256585121154785,8.416037559509277,"After the barber shop, the route says to take the street [ANS] the barber shop."
compact_equal_epoch,t09_route_opposite,rw2s0_029078,trained_content,spatial_relation,source_altered,4.7538981437683105,0.0018978118896484375,True,True,False,12.309029579162598,7.555131435394287,"After the barber shop, the route says to take the street [ANS] the barber shop."
compact_equal_epoch,t09_route_opposite,rw2s0_029078,trained_content,spatial_relation,no_source,-3.0636301040649414,0.06882095336914062,False,False,False,13.172986030578613,10.109355926513672,"After the barber shop, the route says to take the street [ANS] the barber shop."
compact_equal_epoch,t10_clavering_number,rw2s1_005600,trained_content,quantity,source_original,4.147170782089233,-0.026204288005828857,True,True,False,0.45357441902160645,4.60074520111084,Clavering believed [ANS] was the perfect number of pupils.
compact_equal_epoch,t10_clavering_number,rw2s1_005600,trained_content,quantity,source_altered,3.8162946105003357,0.5785865187644958,True,True,False,4.796582221984863,0.9802876114845276,Clavering believed [ANS] was the perfect number of pupils.
compact_equal_epoch,t10_clavering_number,rw2s1_005600,trained_content,quantity,no_source,0.45164012908935547,-0.15442848205566406,True,True,False,12.507080078125,12.958720207214355,Clavering believed [ANS] was the perfect number of pupils.
compact_equal_epoch,t11_horsemen_weapon,rw2s1_015912,trained_content,object,source_original,1.751975178718567,0.13286590576171875,True,True,False,4.5818852186203,6.333860397338867,The horsemen lowered their [ANS].
compact_equal_epoch,t11_horsemen_weapon,rw2s1_015912,trained_content,object,source_altered,1.8279621601104736,-0.18418669700622559,True,True,False,6.898078203201294,5.07011604309082,The horsemen lowered their [ANS].
compact_equal_epoch,t11_horsemen_weapon,rw2s1_015912,trained_content,object,no_source,-2.7229394912719727,-0.18332433700561523,False,False,False,6.192298412322998,3.4693589210510254,The horsemen lowered their [ANS].
compact_equal_epoch,t12_unseen_scandal_count,rw2s1_024034,trained_content,quantity,source_original,0.042269008500235516,0.011333062535240801,True,True,False,1.5096377560070582,1.5519067645072937,The unseen scandal involved about [ANS] young people.
compact_equal_epoch,t12_unseen_scandal_count,rw2s1_024034,trained_content,quantity,source_altered,-0.07048763689540682,-0.011809747843515295,False,False,False,1.4297952566828047,1.5002828935782115,The unseen scandal involved about [ANS] young people.
compact_equal_epoch,t12_unseen_scandal_count,rw2s1_024034,trained_content,quantity,no_source,-0.00764983608609171,0.009221392018454289,False,False,False,1.5019173196383886,1.4942674835522969,The unseen scandal involved about [ANS] young people.
compact_equal_epoch,t13_bank_threshold,rw_004509,trained_content,quantity,source_original,1.073256139460552,0.06420712475110557,True,True,False,0.027256379203338708,1.1005125186638907,Currency transaction reports were required for money worth [ANS] or more.
compact_equal_epoch,t13_bank_threshold,rw_004509,trained_content,quantity,source_altered,0.7795309656233128,-0.02320373931988351,True,True,False,0.8051159089830305,0.025584943359717727,Currency transaction reports were required for money worth [ANS] or more.
compact_equal_epoch,t13_bank_threshold,rw_004509,trained_content,quantity,no_source,0.09501845496041428,-0.0010375011534919931,True,True,False,1.8716420446123396,1.966660499572754,Currency transaction reports were required for money worth [ANS] or more.
compact_equal_epoch,t14_radio_channel,rw_015472,trained_content,quantity_identifier,source_original,6.727674521505833,0.07490342482924461,True,True,False,0.01636406034231186,6.7440385818481445,The Chris Evans Breakfast Show was on BBC Radio [ANS].
compact_equal_epoch,t14_radio_channel,rw_015472,trained_content,quantity_identifier,source_altered,5.911925084888935,0.003202347084879875,True,True,False,5.944023609161377,0.032098524272441864,The Chris Evans Breakfast Show was on BBC Radio [ANS].
compact_equal_epoch,t14_radio_channel,rw_015472,trained_content,quantity_identifier,no_source,1.2411994934082031,-0.1258993148803711,True,True,False,2.5766453742980957,3.817844867706299,The Chris Evans Breakfast Show was on BBC Radio [ANS].
compact_equal_epoch,t15_noontide_press,rw_017379,trained_content,institution,source_original,14.504269335574161,0.4886288167908788,True,True,False,0.00935231257850925,14.51362164815267,Von Brunn briefly worked for [ANS] Press.
compact_equal_epoch,t15_noontide_press,rw_017379,trained_content,institution,source_altered,13.762581426805506,0.22422353566313724,True,True,False,13.7721586227417,0.00957719593619307,Von Brunn briefly worked for [ANS] Press.
compact_equal_epoch,t15_noontide_press,rw_017379,trained_content,institution,no_source,-0.5475523471832275,0.13001847267150968,False,False,False,8.165083169937134,7.617530822753906,Von Brunn briefly worked for [ANS] Press.
compact_equal_epoch,t16_taylor_location,rw_031652,trained_content,location,source_original,11.278974298387766,0.0901738703250885,True,True,False,0.06034397706389427,11.33931827545166,Temporary traffic lights were at Taylor's [ANS].
compact_equal_epoch,t16_taylor_location,rw_031652,trained_content,location,source_altered,8.77212181687355,0.49485166370868683,True,True,False,8.881962776184082,0.10984095931053162,Temporary traffic lights were at Taylor's [ANS].
compact_equal_epoch,t16_taylor_location,rw_031652,trained_content,location,no_source,-0.6276988983154297,-0.09076976776123047,False,False,False,10.150182723999023,9.522483825683594,Temporary traffic lights were at Taylor's [ANS].
compact_equal_epoch,t17_abraham_relation,rw_041183,trained_content,role_relation,source_original,8.481639370322227,0.34564319625496864,True,True,False,0.01951552927494049,8.501154899597168,Abraham married his beautiful [ANS] Sarai.
compact_equal_epoch,t17_abraham_relation,rw_041183,trained_content,role_relation,source_altered,5.656768716871738,-0.0880366861820221,True,True,False,5.7337799072265625,0.07701119035482407,Abraham married his beautiful [ANS] Sarai.
compact_equal_epoch,t17_abraham_relation,rw_041183,trained_content,role_relation,no_source,2.763090968132019,0.04941761493682861,True,True,False,1.7091270685195923,4.472218036651611,Abraham married his beautiful [ANS] Sarai.
compact_wordmatched,h01_gas_price,rw2s1_000216,held_source,quantity,source_original,3.570154811255634,0.28138044802471995,True,True,False,0.03165993560105562,3.6018147468566895,Gas prices were rising by [ANS] in March.
compact_wordmatched,h01_gas_price,rw2s1_000216,held_source,quantity,source_altered,3.7180546135641634,0.5046846731565893,True,True,False,3.7626846730709076,0.044630059506744146,Gas prices were rising by [ANS] in March.
compact_wordmatched,h01_gas_price,rw2s1_000216,held_source,quantity,no_source,0.12532144784927368,0.1264062523841858,True,False,True,3.1150336861610413,3.240355134010315,Gas prices were rising by [ANS] in March.
compact_wordmatched,h02_rating,rw_000248,held_source,quantity,source_original,4.970378085970879,0.3692391514778137,True,True,False,0.021645382046699524,4.992023468017578,Renee Schonfeld rated the film [ANS] out of 5 stars.
compact_wordmatched,h02_rating,rw_000248,held_source,quantity,source_altered,3.4832343235611916,0.07063858211040497,True,True,False,3.552229166030884,0.06899484246969223,Renee Schonfeld rated the film [ANS] out of 5 stars.
compact_wordmatched,h02_rating,rw_000248,held_source,quantity,no_source,-0.3777209520339966,0.1163337230682373,False,False,False,2.3445825576782227,1.966861605644226,Renee Schonfeld rated the film [ANS] out of 5 stars.
compact_wordmatched,h03_protest_duration,rw_001604,held_source,quantity_time,source_original,-1.8460613886515294,0.2672470410664882,False,False,False,8.333728472391764,6.487667083740234,The protest period was [ANS].
compact_wordmatched,h03_protest_duration,rw_001604,held_source,quantity_time,source_altered,2.047423203786215,-0.24203713734944543,True,True,False,8.402307351430258,6.354884147644043,The protest period was [ANS].
compact_wordmatched,h03_protest_duration,rw_001604,held_source,quantity_time,no_source,-2.0405193964640294,0.362996021906536,False,False,False,8.46122137705485,6.42070198059082,The protest period was [ANS].
compact_wordmatched,h04_cherry_food,rw2s0_009985,held_source,object,source_original,7.541139510925859,0.29877262143418193,True,True,False,0.0034585916437208652,7.54459810256958,On Saturday he ate a piece of cherry [ANS].
compact_wordmatched,h04_cherry_food,rw2s0_009985,held_source,object,source_altered,1.2671852111816406,-0.26158812642097473,True,True,False,1.540436863899231,0.27325165271759033,On Saturday he ate a piece of cherry [ANS].
compact_wordmatched,h04_cherry_food,rw2s0_009985,held_source,object,no_source,3.4718018621206284,0.22969456017017365,True,True,False,0.1590823084115982,3.6308841705322266,On Saturday he ate a piece of cherry [ANS].
compact_wordmatched,h05_eagle_feathers,rw2s1_013643,held_source,quantity,source_original,2.1375713124871254,0.020125284790992737,True,True,False,0.06186469458043575,2.199436007067561,The seizure involved [ANS] eagle feathers.
compact_wordmatched,h05_eagle_feathers,rw2s1_013643,held_source,quantity,source_altered,2.0758896730840206,0.04912485554814339,True,True,False,2.1332553531974554,0.05736568011343479,The seizure involved [ANS] eagle feathers.
compact_wordmatched,h05_eagle_feathers,rw2s1_013643,held_source,quantity,no_source,-0.04083061218261719,-0.06846857070922852,False,True,True,2.0132884979248047,1.9724578857421875,The seizure involved [ANS] eagle feathers.
compact_wordmatched,h06_ramadan_food,rw2s1_017873,held_source,object,source_original,12.146331336349249,0.01468564197421074,True,True,False,0.03297850862145424,12.179309844970703,"At the end of Ramadan, Muslims received salt and pepper on a fruit [ANS]."
compact_wordmatched,h06_ramadan_food,rw2s1_017873,held_source,object,source_altered,10.380327734164894,0.13888963218778372,True,True,False,10.393045425415039,0.012717691250145435,"At the end of Ramadan, Muslims received salt and pepper on a fruit [ANS]."
compact_wordmatched,h06_ramadan_food,rw2s1_017873,held_source,object,no_source,0.5768074989318848,0.1265854835510254,True,True,False,5.544682502746582,6.121490001678467,"At the end of Ramadan, Muslims received salt and pepper on a fruit [ANS]."
compact_wordmatched,h07_modern_art_city,rw2s1_002259,held_source,location,source_original,5.380036063492298,0.9108110798988491,True,True,False,0.009088806807994843,5.389124870300293,The piece could go in the Museum of Modern Art in [ANS].
compact_wordmatched,h07_modern_art_city,rw2s1_002259,held_source,location,source_altered,5.897759912535548,0.20974592119455338,True,True,False,5.916667699813843,0.018907787278294563,The piece could go in the Museum of Modern Art in [ANS].
compact_wordmatched,h07_modern_art_city,rw2s1_002259,held_source,location,no_source,1.3489285707473755,-0.04535388946533203,True,True,False,4.32315194606781,5.6720805168151855,The piece could go in the Museum of Modern Art in [ANS].
compact_wordmatched,h08_navarino_year,rw2s0_004620,held_source,quantity_time,source_original,1.3517491230741143,0.08036445826292038,True,True,False,0.012084127636626363,1.3638332507107407,The Navarino event occurred on October 20 [ANS].
compact_wordmatched,h08_navarino_year,rw2s0_004620,held_source,quantity_time,source_altered,1.0164255630224943,0.08355040103197098,True,True,False,1.0387262955773622,0.022300732554867864,The Navarino event occurred on October 20 [ANS].
compact_wordmatched,h08_navarino_year,rw2s0_004620,held_source,quantity_time,no_source,0.08277249336242676,0.003511667251586914,True,True,False,2.36740779876709,2.4501802921295166,The Navarino event occurred on October 20 [ANS].
compact_wordmatched,t01_skelton_value,rw2s0_002308,trained_content,property,source_original,11.43807265162468,0.6171509474515915,True,True,False,0.17842820286750793,11.616500854492188,Skelton Village's north part had extreme environmental [ANS].
compact_wordmatched,t01_skelton_value,rw2s0_002308,trained_content,property,source_altered,5.702571868896484,0.30809295177459717,True,True,False,6.366925239562988,0.6643533706665039,Skelton Village's north part had extreme environmental [ANS].
compact_wordmatched,t01_skelton_value,rw2s0_002308,trained_content,property,no_source,1.5132489204406738,0.27677011489868164,True,True,False,6.423736095428467,7.936985015869141,Skelton Village's north part had extreme environmental [ANS].
compact_wordmatched,t02_baku_institution,rw2s0_006924,trained_content,institution,source_original,6.308931403793395,0.21019961591809988,True,True,False,0.0076088374480605125,6.316540241241455,The theology dean worked at Baku State [ANS].
compact_wordmatched,t02_baku_institution,rw2s0_006924,trained_content,institution,source_altered,5.144061246886849,0.20590691827237606,True,True,False,5.161777973175049,0.017716726288199425,The theology dean worked at Baku State [ANS].
compact_wordmatched,t02_baku_institution,rw2s0_006924,trained_content,institution,no_source,2.015644073486328,-0.040691375732421875,True,True,False,1.5390536785125732,3.5546977519989014,The theology dean worked at Baku State [ANS].
compact_wordmatched,t03_oil_object,rw2s0_010026,trained_content,object,source_original,12.6489139162004,0.0652475394308567,True,True,False,0.03822845593094826,12.687142372131348,Mosaddegh's policy was to nationalize Iran's oil [ANS].
compact_wordmatched,t03_oil_object,rw2s0_010026,trained_content,object,source_altered,8.922619611024857,0.8190572336316109,True,True,False,8.996824264526367,0.07420465350151062,Mosaddegh's policy was to nationalize Iran's oil [ANS].
compact_wordmatched,t03_oil_object,rw2s0_010026,trained_content,object,no_source,4.8821775913238525,-0.029134511947631836,True,True,False,3.14704966545105,8.029227256774902,Mosaddegh's policy was to nationalize Iran's oil [ANS].
compact_wordmatched,t04_casualty_uncertainty,rw2s0_014542,trained_content,qualification,source_original,0.4050922393798828,0.8775186538696289,True,False,True,2.088489532470703,2.493581771850586,The number of Protestants murdered in the outbreak was [ANS].
compact_wordmatched,t04_casualty_uncertainty,rw2s0_014542,trained_content,qualification,source_altered,4.596606135368347,0.31678760051727295,True,True,False,6.255517482757568,1.6589113473892212,The number of Protestants murdered in the outbreak was [ANS].
compact_wordmatched,t04_casualty_uncertainty,rw2s0_014542,trained_content,qualification,no_source,-1.0088615417480469,-0.11843681335449219,False,False,False,12.773225784301758,11.764364242553711,The number of Protestants murdered in the outbreak was [ANS].
compact_wordmatched,t05_manning_role,rw2s0_019304,trained_content,role,source_original,13.307339653372765,0.6843018233776093,True,True,False,0.20699073374271393,13.514330387115479,Ed Manning was a professional and college [ANS].
compact_wordmatched,t05_manning_role,rw2s0_019304,trained_content,role,source_altered,3.5369254872202873,0.08518402930349112,True,True,False,3.6442127227783203,0.10728723555803299,Ed Manning was a professional and college [ANS].
compact_wordmatched,t05_manning_role,rw2s0_019304,trained_content,role,no_source,2.9071784019470215,-0.12535715103149414,True,True,False,4.918915748596191,7.826094150543213,Ed Manning was a professional and college [ANS].
compact_wordmatched,t06_mass_day,rw2s0_019852,trained_content,time,source_original,4.782664254307747,0.4426146447658539,True,True,False,0.07790569961071014,4.860569953918457,The speaker went to Mass that [ANS].
compact_wordmatched,t06_mass_day,rw2s0_019852,trained_content,time,source_altered,4.219438761472702,-0.06544193625450134,True,True,False,4.628610134124756,0.40917137265205383,The speaker went to Mass that [ANS].
compact_wordmatched,t06_mass_day,rw2s0_019852,trained_content,time,no_source,0.5650863647460938,0.3033895492553711,True,True,False,5.900137424468994,6.465223789215088,The speaker went to Mass that [ANS].
compact_wordmatched,t07_music_change,rw2s0_020973,trained_content,ordered_change,source_original,6.301143825054169,1.9645902514457703,True,True,False,0.8323925137519836,7.133536338806152,The tune could change from fast to [ANS].
compact_wordmatched,t07_music_change,rw2s0_020973,trained_content,ordered_change,source_altered,0.927703857421875,0.997830867767334,True,False,True,5.479750633239746,4.552046775817871,The tune could change from fast to [ANS].
compact_wordmatched,t07_music_change,rw2s0_020973,trained_content,ordered_change,no_source,3.7211391925811768,-0.09835457801818848,True,True,False,3.6357548236846924,7.356894016265869,The tune could change from fast to [ANS].
compact_wordmatched,t08_abingdon_refusal,rw2s0_025051,trained_content,polarity_action,source_original,3.60984605550766,1.0096891522407532,True,True,False,0.5758472084999084,4.185693264007568,The Abingdon workers [ANS] to return.
compact_wordmatched,t08_abingdon_refusal,rw2s0_025051,trained_content,polarity_action,source_altered,6.459445208311081,-0.12817059457302094,True,True,False,6.669658184051514,0.21021297574043274,The Abingdon workers [ANS] to return.
compact_wordmatched,t08_abingdon_refusal,rw2s0_025051,trained_content,polarity_action,no_source,-0.42850208282470703,0.2544822692871094,False,False,False,5.101251602172852,4.6727495193481445,The Abingdon workers [ANS] to return.
compact_wordmatched,t09_route_opposite,rw2s0_029078,trained_content,spatial_relation,source_original,-1.9599895477294922,0.15926551818847656,False,False,False,10.439364433288574,8.479374885559082,"After the barber shop, the route says to take the street [ANS] the barber shop."
compact_wordmatched,t09_route_opposite,rw2s0_029078,trained_content,spatial_relation,source_altered,4.8101959228515625,0.05819559097290039,True,True,False,12.486817359924316,7.676621437072754,"After the barber shop, the route says to take the street [ANS] the barber shop."
compact_wordmatched,t09_route_opposite,rw2s0_029078,trained_content,spatial_relation,no_source,-3.100344657897949,0.03210639953613281,False,False,False,13.187880516052246,10.087535858154297,"After the barber shop, the route says to take the street [ANS] the barber shop."
compact_wordmatched,t10_clavering_number,rw2s1_005600,trained_content,quantity,source_original,4.135417819023132,-0.03795725107192993,True,True,False,0.4483562707901001,4.583774089813232,Clavering believed [ANS] was the perfect number of pupils.
compact_wordmatched,t10_clavering_number,rw2s1_005600,trained_content,quantity,source_altered,3.8628015518188477,0.6250934600830078,True,True,False,4.816577434539795,0.9537758827209473,Clavering believed [ANS] was the perfect number of pupils.
compact_wordmatched,t10_clavering_number,rw2s1_005600,trained_content,quantity,no_source,0.42232704162597656,-0.18374156951904297,True,True,False,12.52534294128418,12.947669982910156,Clavering believed [ANS] was the perfect number of pupils.
compact_wordmatched,t11_horsemen_weapon,rw2s1_015912,trained_content,object,source_original,1.7807265520095825,0.16161727905273438,True,True,False,4.7611788511276245,6.541905403137207,The horsemen lowered their [ANS].
compact_wordmatched,t11_horsemen_weapon,rw2s1_015912,trained_content,object,source_altered,1.6557927131652832,-0.356356143951416,True,True,False,6.886349201202393,5.230556488037109,The horsemen lowered their [ANS].
compact_wordmatched,t11_horsemen_weapon,rw2s1_015912,trained_content,object,no_source,-2.686556339263916,-0.1469411849975586,False,False,False,6.154530763626099,3.4679744243621826,The horsemen lowered their [ANS].
compact_wordmatched,t12_unseen_scandal_count,rw2s1_024034,trained_content,quantity,source_original,0.041165997584660774,0.010230051619666058,True,True,False,1.5491273403167725,1.5902933379014332,The unseen scandal involved about [ANS] young people.
compact_wordmatched,t12_unseen_scandal_count,rw2s1_024034,trained_content,quantity,source_altered,-0.06786947590964187,-0.009191586857750345,False,False,False,1.4643806304250444,1.5322501063346863,The unseen scandal involved about [ANS] young people.
compact_wordmatched,t12_unseen_scandal_count,rw2s1_024034,trained_content,quantity,no_source,-0.006286447956448615,0.010584780148097384,False,False,False,1.50714852980205,1.5008620818456013,The unseen scandal involved about [ANS] young people.
compact_wordmatched,t13_bank_threshold,rw_004509,trained_content,quantity,source_original,1.1335690014141921,0.12451998670474573,True,True,False,0.026326648658141494,1.1598956500723336,Currency transaction reports were required for money worth [ANS] or more.
compact_wordmatched,t13_bank_threshold,rw_004509,trained_content,quantity,source_altered,0.8069586937171629,0.004223988773966569,True,True,False,0.8314238066252854,0.02446511290812244,Currency transaction reports were required for money worth [ANS] or more.
compact_wordmatched,t13_bank_threshold,rw_004509,trained_content,quantity,no_source,0.09518630164010178,-0.0008696544738044931,True,True,False,1.8891392265047346,1.9843255281448364,Currency transaction reports were required for money worth [ANS] or more.
compact_wordmatched,t14_radio_channel,rw_015472,trained_content,quantity_identifier,source_original,6.792471079155803,0.13969998247921467,True,True,False,0.015782209113240242,6.808253288269043,The Chris Evans Breakfast Show was on BBC Radio [ANS].
compact_wordmatched,t14_radio_channel,rw_015472,trained_content,quantity_identifier,source_altered,5.9769230261445045,0.06820028834044933,True,True,False,6.007807731628418,0.03088470548391342,The Chris Evans Breakfast Show was on BBC Radio [ANS].
compact_wordmatched,t14_radio_channel,rw_015472,trained_content,quantity_identifier,no_source,1.1985969543457031,-0.1685018539428711,True,True,False,2.6544790267944336,3.8530759811401367,The Chris Evans Breakfast Show was on BBC Radio [ANS].
compact_wordmatched,t15_noontide_press,rw_017379,trained_content,institution,source_original,14.510517712527264,0.49487719374398154,True,True,False,0.009881063209225735,14.52039877573649,Von Brunn briefly worked for [ANS] Press.
compact_wordmatched,t15_noontide_press,rw_017379,trained_content,institution,source_altered,13.812794360332191,0.2744364691898227,True,True,False,13.822437286376953,0.009642926044762135,Von Brunn briefly worked for [ANS] Press.
compact_wordmatched,t15_noontide_press,rw_017379,trained_content,institution,no_source,-0.5414390563964835,0.13613176345825373,False,False,False,8.225099245707193,7.68366018931071,Von Brunn briefly worked for [ANS] Press.
compact_wordmatched,t16_taylor_location,rw_031652,trained_content,location,source_original,11.451164372265339,0.2623639442026615,True,True,False,0.05429636687040329,11.505460739135742,Temporary traffic lights were at Taylor's [ANS].
compact_wordmatched,t16_taylor_location,rw_031652,trained_content,location,source_altered,8.765717893838882,0.48844774067401886,True,True,False,8.87071704864502,0.10499915480613708,Temporary traffic lights were at Taylor's [ANS].
compact_wordmatched,t16_taylor_location,rw_031652,trained_content,location,no_source,-0.5791358947753906,-0.042206764221191406,False,False,False,10.107280731201172,9.528144836425781,Temporary traffic lights were at Taylor's [ANS].
compact_wordmatched,t17_abraham_relation,rw_041183,trained_content,role_relation,source_original,8.546066733077168,0.41007055900990963,True,True,False,0.018699197098612785,8.564765930175781,Abraham married his beautiful [ANS] Sarai.
compact_wordmatched,t17_abraham_relation,rw_041183,trained_content,role_relation,source_altered,5.659002304077148,-0.08580309897661209,True,True,False,5.734473705291748,0.07547140121459961,Abraham married his beautiful [ANS] Sarai.
compact_wordmatched,t17_abraham_relation,rw_041183,trained_content,role_relation,no_source,2.7747825384140015,0.061109185218811035,True,True,False,1.689057469367981,4.463840007781982,Abraham married his beautiful [ANS] Sarai.
current_equal_epoch,h01_gas_price,rw2s1_000216,held_source,quantity,source_original,3.416777415201068,0.12800305197015405,True,True,False,0.03843064792454243,3.4552080631256104,Gas prices were rising by [ANS] in March.
current_equal_epoch,h01_gas_price,rw2s1_000216,held_source,quantity,source_altered,3.562459310516715,0.3490893701091409,True,True,False,3.6257224082946777,0.06326309777796268,Gas prices were rising by [ANS] in March.
current_equal_epoch,h01_gas_price,rw2s1_000216,held_source,quantity,no_source,-0.038187265396118164,-0.037102460861206055,False,False,False,3.1728644371032715,3.1346771717071533,Gas prices were rising by [ANS] in March.
current_equal_epoch,h02_rating,rw_000248,held_source,quantity,source_original,4.544233325868845,-0.056905608624219894,True,True,False,0.03336667641997337,4.577600002288818,Renee Schonfeld rated the film [ANS] out of 5 stars.
current_equal_epoch,h02_rating,rw_000248,held_source,quantity,source_altered,3.2588711231946945,-0.15372461825609207,True,True,False,3.3495242595672607,0.09065313637256622,Renee Schonfeld rated the film [ANS] out of 5 stars.
current_equal_epoch,h02_rating,rw_000248,held_source,quantity,no_source,-0.41297245025634766,0.08108222484588623,False,False,False,2.3501458168029785,1.9371733665466309,Renee Schonfeld rated the film [ANS] out of 5 stars.
current_equal_epoch,h03_protest_duration,rw_001604,held_source,quantity_time,source_original,-1.92604144414266,0.18726698557535748,False,False,False,8.262888749440512,6.336847305297852,The protest period was [ANS].
current_equal_epoch,h03_protest_duration,rw_001604,held_source,quantity_time,source_altered,2.106799443562826,-0.1826608975728341,True,True,False,8.332924207051596,6.2261247634887695,The protest period was [ANS].
current_equal_epoch,h03_protest_duration,rw_001604,held_source,quantity_time,no_source,-2.241729497909546,0.16178592046101947,False,False,False,8.436078071594238,6.194348573684692,The protest period was [ANS].
current_equal_epoch,h04_cherry_food,rw2s0_009985,held_source,object,source_original,7.313271384919062,0.07090449542738497,True,True,False,0.0037113612052053213,7.316982746124268,On Saturday he ate a piece of cherry [ANS].
current_equal_epoch,h04_cherry_food,rw2s0_009985,held_source,object,source_altered,1.3518504798412323,-0.17692285776138306,True,True,False,1.6072794198989868,0.2554289400577545,On Saturday he ate a piece of cherry [ANS].
current_equal_epoch,h04_cherry_food,rw2s0_009985,held_source,object,no_source,3.3601368963718414,0.11802959442138672,True,True,False,0.18099650740623474,3.541133403778076,On Saturday he ate a piece of cherry [ANS].
current_equal_epoch,h05_eagle_feathers,rw2s1_013643,held_source,quantity,source_original,1.998263955116272,-0.11918207257986069,True,True,False,0.07783599756658077,2.0760999526828527,The seizure involved [ANS] eagle feathers.
current_equal_epoch,h05_eagle_feathers,rw2s1_013643,held_source,quantity,source_altered,1.9627276435494423,-0.06403717398643494,True,True,False,2.0341504253447056,0.07142278179526329,The seizure involved [ANS] eagle feathers.
current_equal_epoch,h05_eagle_feathers,rw2s1_013643,held_source,quantity,no_source,-0.03870391845703125,-0.06634187698364258,False,True,True,1.9952006340026855,1.9564967155456543,The seizure involved [ANS] eagle feathers.
current_equal_epoch,h06_ramadan_food,rw2s1_017873,held_source,object,source_original,11.789906937628984,-0.3417387567460537,True,True,False,0.04690222069621086,11.836809158325195,"At the end of Ramadan, Muslims received salt and pepper on a fruit [ANS]."
current_equal_epoch,h06_ramadan_food,rw2s1_017873,held_source,object,source_altered,10.425213833339512,0.18377573136240244,True,True,False,10.43830680847168,0.01309297513216734,"At the end of Ramadan, Muslims received salt and pepper on a fruit [ANS]."
current_equal_epoch,h06_ramadan_food,rw2s1_017873,held_source,object,no_source,-0.021401405334472656,-0.47162342071533203,False,True,True,6.158535957336426,6.137134552001953,"At the end of Ramadan, Muslims received salt and pepper on a fruit [ANS]."
current_equal_epoch,h07_modern_art_city,rw2s1_002259,held_source,location,source_original,5.1193475453183055,0.6501225617248565,True,True,False,0.009022739715874195,5.12837028503418,The piece could go in the Museum of Modern Art in [ANS].
current_equal_epoch,h07_modern_art_city,rw2s1_002259,held_source,location,source_altered,5.527312455698848,-0.16070153564214706,True,True,False,5.554624795913696,0.02731234021484852,The piece could go in the Museum of Modern Art in [ANS].
current_equal_epoch,h07_modern_art_city,rw2s1_002259,held_source,location,no_source,1.5213572978973389,0.12707483768463135,True,True,False,3.988271951675415,5.509629249572754,The piece could go in the Museum of Modern Art in [ANS].
current_equal_epoch,h08_navarino_year,rw2s0_004620,held_source,quantity_time,source_original,1.2886273944750428,0.017242729663848877,True,True,False,0.015557095292024314,1.3041844897670671,The Navarino event occurred on October 20 [ANS].
current_equal_epoch,h08_navarino_year,rw2s0_004620,held_source,quantity_time,source_altered,0.9248409029096365,-0.00803425908088684,True,True,False,0.9551768475212157,0.03033594461157918,The Navarino event occurred on October 20 [ANS].
current_equal_epoch,h08_navarino_year,rw2s0_004620,held_source,quantity_time,no_source,0.07915925979614258,-0.00010156631469726562,True,True,False,2.348869889974594,2.4280291497707367,The Navarino event occurred on October 20 [ANS].
current_equal_epoch,t01_skelton_value,rw2s0_002308,trained_content,property,source_original,11.272439181804657,0.4515174776315689,True,True,False,0.20848828554153442,11.480927467346191,Skelton Village's north part had extreme environmental [ANS].
current_equal_epoch,t01_skelton_value,rw2s0_002308,trained_content,property,source_altered,5.0658769607543945,-0.3286019563674927,True,True,False,5.92165994644165,0.8557829856872559,Skelton Village's north part had extreme environmental [ANS].
current_equal_epoch,t01_skelton_value,rw2s0_002308,trained_content,property,no_source,1.5690059661865234,0.33252716064453125,True,True,False,6.311377048492432,7.880383014678955,Skelton Village's north part had extreme environmental [ANS].
current_equal_epoch,t02_baku_institution,rw2s0_006924,trained_content,institution,source_original,6.202329663559794,0.10359787568449974,True,True,False,0.007881613448262215,6.210211277008057,The theology dean worked at Baku State [ANS].
current_equal_epoch,t02_baku_institution,rw2s0_006924,trained_content,institution,source_altered,4.864719249308109,-0.07343507930636406,True,True,False,4.8860321044921875,0.021312855184078217,The theology dean worked at Baku State [ANS].
current_equal_epoch,t02_baku_institution,rw2s0_006924,trained_content,institution,no_source,2.295831561088562,0.239496111869812,True,True,False,1.2553268671035767,3.5511584281921387,The theology dean worked at Baku State [ANS].
current_equal_epoch,t03_oil_object,rw2s0_010026,trained_content,object,source_original,12.523041188716888,-0.060625188052654266,True,True,False,0.040890276432037354,12.563931465148926,Mosaddegh's policy was to nationalize Iran's oil [ANS].
current_equal_epoch,t03_oil_object,rw2s0_010026,trained_content,object,source_altered,8.357757203280926,0.25419482588768005,True,True,False,8.446372032165527,0.08861482888460159,Mosaddegh's policy was to nationalize Iran's oil [ANS].
current_equal_epoch,t03_oil_object,rw2s0_010026,trained_content,object,no_source,4.792811155319214,-0.11850094795227051,True,True,False,3.187042474746704,7.979853630065918,Mosaddegh's policy was to nationalize Iran's oil [ANS].
current_equal_epoch,t04_casualty_uncertainty,rw2s0_014542,trained_content,qualification,source_original,-0.919947624206543,-0.4475212097167969,False,False,False,3.161973476409912,2.242025852203369,The number of Protestants murdered in the outbreak was [ANS].
current_equal_epoch,t04_casualty_uncertainty,rw2s0_014542,trained_content,qualification,source_altered,4.5211182832717896,0.24129974842071533,True,True,False,6.437816143035889,1.9166978597640991,The number of Protestants murdered in the outbreak was [ANS].
current_equal_epoch,t04_casualty_uncertainty,rw2s0_014542,trained_content,qualification,no_source,-0.9634742736816406,-0.07304954528808594,False,False,False,12.876956939697266,11.913482666015625,The number of Protestants murdered in the outbreak was [ANS].
current_equal_epoch,t05_manning_role,rw2s0_019304,trained_content,role,source_original,12.451107054948807,-0.17193077504634857,True,True,False,0.26076361536979675,12.711870670318604,Ed Manning was a professional and college [ANS].
current_equal_epoch,t05_manning_role,rw2s0_019304,trained_content,role,source_altered,3.848397836089134,0.396656378172338,True,True,False,3.9789090156555176,0.13051117956638336,Ed Manning was a professional and college [ANS].
current_equal_epoch,t05_manning_role,rw2s0_019304,trained_content,role,no_source,2.7501416206359863,-0.2823939323425293,True,True,False,4.973376274108887,7.723517894744873,Ed Manning was a professional and college [ANS].
current_equal_epoch,t06_mass_day,rw2s0_019852,trained_content,time,source_original,4.551791153848171,0.21174154430627823,True,True,False,0.1081405058503151,4.659931659698486,The speaker went to Mass that [ANS].
current_equal_epoch,t06_mass_day,rw2s0_019852,trained_content,time,source_altered,4.181922882795334,-0.1029578149318695,True,True,False,4.65216588973999,0.47024300694465637,The speaker went to Mass that [ANS].
current_equal_epoch,t06_mass_day,rw2s0_019852,trained_content,time,no_source,0.5664043426513672,0.30470752716064453,True,True,False,5.867280006408691,6.433684349060059,The speaker went to Mass that [ANS].
current_equal_epoch,t07_music_change,rw2s0_020973,trained_content,ordered_change,source_original,4.330387115478516,-0.0061664581298828125,True,True,False,4.284147262573242,8.614534378051758,The tune could change from fast to [ANS].
current_equal_epoch,t07_music_change,rw2s0_020973,trained_content,ordered_change,source_altered,0.3066110610961914,0.3767380714416504,True,False,True,7.843227386474609,7.536616325378418,The tune could change from fast to [ANS].
current_equal_epoch,t07_music_change,rw2s0_020973,trained_content,ordered_change,no_source,3.751296043395996,-0.06819772720336914,True,True,False,3.7835655212402344,7.5348615646362305,The tune could change from fast to [ANS].
current_equal_epoch,t08_abingdon_refusal,rw2s0_025051,trained_content,polarity_action,source_original,2.938370704650879,0.33821380138397217,True,True,False,1.0222742557525635,3.9606449604034424,The Abingdon workers [ANS] to return.
current_equal_epoch,t08_abingdon_refusal,rw2s0_025051,trained_content,polarity_action,source_altered,5.544381141662598,-1.0432346612215042,True,True,False,5.976813793182373,0.4324326515197754,The Abingdon workers [ANS] to return.
current_equal_epoch,t08_abingdon_refusal,rw2s0_025051,trained_content,polarity_action,no_source,-0.1925649642944336,0.4904193878173828,False,False,False,5.0679521560668945,4.875387191772461,The Abingdon workers [ANS] to return.
current_equal_epoch,t09_route_opposite,rw2s0_029078,trained_content,spatial_relation,source_original,-1.5687389373779297,0.5505161285400391,False,False,False,9.732976913452148,8.164237976074219,"After the barber shop, the route says to take the street [ANS] the barber shop."
current_equal_epoch,t09_route_opposite,rw2s0_029078,trained_content,spatial_relation,source_altered,4.569056510925293,-0.18294382095336914,True,True,False,11.941944122314453,7.37288761138916,"After the barber shop, the route says to take the street [ANS] the barber shop."
current_equal_epoch,t09_route_opposite,rw2s0_029078,trained_content,spatial_relation,no_source,-2.9816551208496094,0.15079593658447266,False,False,False,12.908961296081543,9.927306175231934,"After the barber shop, the route says to take the street [ANS] the barber shop."
current_equal_epoch,t10_clavering_number,rw2s1_005600,trained_content,quantity,source_original,4.651069849729538,0.4776947796344757,True,True,False,0.24560430645942688,4.896674156188965,Clavering believed [ANS] was the perfect number of pupils.
current_equal_epoch,t10_clavering_number,rw2s1_005600,trained_content,quantity,source_altered,3.5506858229637146,0.31297773122787476,True,True,False,4.381998538970947,0.8313127160072327,Clavering believed [ANS] was the perfect number of pupils.
current_equal_epoch,t10_clavering_number,rw2s1_005600,trained_content,quantity,no_source,0.523564338684082,-0.0825042724609375,True,True,False,12.274046897888184,12.797611236572266,Clavering believed [ANS] was the perfect number of pupils.
current_equal_epoch,t11_horsemen_weapon,rw2s1_015912,trained_content,object,source_original,2.113504111766815,0.49439483880996704,True,True,False,4.021330177783966,6.134834289550781,The horsemen lowered their [ANS].
current_equal_epoch,t11_horsemen_weapon,rw2s1_015912,trained_content,object,source_altered,1.886385440826416,-0.1257634162902832,True,True,False,6.49595832824707,4.609572887420654,The horsemen lowered their [ANS].
current_equal_epoch,t11_horsemen_weapon,rw2s1_015912,trained_content,object,no_source,-2.4375338554382324,0.102081298828125,False,False,False,5.9290478229522705,3.491513967514038,The horsemen lowered their [ANS].
current_equal_epoch,t12_unseen_scandal_count,rw2s1_024034,trained_content,quantity,source_original,0.05147741805939443,0.020541472094399715,True,True,False,1.466903064932142,1.5183804829915364,The unseen scandal involved about [ANS] young people.
current_equal_epoch,t12_unseen_scandal_count,rw2s1_024034,trained_content,quantity,source_altered,-0.08028580035482125,-0.021607911302929717,False,False,False,1.3987409642764501,1.4790267646312714,The unseen scandal involved about [ANS] young people.
current_equal_epoch,t12_unseen_scandal_count,rw2s1_024034,trained_content,quantity,no_source,0.0005072781017847472,0.017378506206330746,True,False,True,1.4855472019740514,1.4860544800758362,The unseen scandal involved about [ANS] young people.
current_equal_epoch,t13_bank_threshold,rw_004509,trained_content,quantity,source_original,1.0692898490621399,0.06024083435269345,True,True,False,0.031408654525876045,1.100698503588016,Currency transaction reports were required for money worth [ANS] or more.
current_equal_epoch,t13_bank_threshold,rw_004509,trained_content,quantity,source_altered,0.7000457471391807,-0.10268895780401566,True,True,False,0.7292646868154407,0.029218939676259954,Currency transaction reports were required for money worth [ANS] or more.
current_equal_epoch,t13_bank_threshold,rw_004509,trained_content,quantity,no_source,0.09302940538951332,-0.0030265507243929513,True,True,False,1.827754293169294,1.9207836985588074,Currency transaction reports were required for money worth [ANS] or more.
current_equal_epoch,t14_radio_channel,rw_015472,trained_content,quantity_identifier,source_original,6.461168320849538,-0.1916027758270502,True,True,False,0.01932951621711254,6.48049783706665,The Chris Evans Breakfast Show was on BBC Radio [ANS].
current_equal_epoch,t14_radio_channel,rw_015472,trained_content,quantity_identifier,source_altered,5.770488545298576,-0.13823419250547886,True,True,False,5.808028221130371,0.03753967583179474,The Chris Evans Breakfast Show was on BBC Radio [ANS].
current_equal_epoch,t14_radio_channel,rw_015472,trained_content,quantity_identifier,no_source,1.1819629669189453,-0.1851358413696289,True,True,False,2.3742637634277344,3.5562267303466797,The Chris Evans Breakfast Show was on BBC Radio [ANS].
current_equal_epoch,t15_noontide_press,rw_017379,trained_content,institution,source_original,14.39641723021244,0.38077671142915825,True,True,False,0.009302844759076834,14.405720074971518,Von Brunn briefly worked for [ANS] Press.
current_equal_epoch,t15_noontide_press,rw_017379,trained_content,institution,source_altered,13.523738559645912,-0.014619331496456667,True,True,False,13.534521102905273,0.010782543259362379,Von Brunn briefly worked for [ANS] Press.
current_equal_epoch,t15_noontide_press,rw_017379,trained_content,institution,no_source,-0.5426541964213047,0.13491662343343247,False,False,False,8.155854860941568,7.613200664520264,Von Brunn briefly worked for [ANS] Press.
current_equal_epoch,t16_taylor_location,rw_031652,trained_content,location,source_original,11.16082912683487,-0.027971301227808,True,True,False,0.06153815984725952,11.222367286682129,Temporary traffic lights were at Taylor's [ANS].
current_equal_epoch,t16_taylor_location,rw_031652,trained_content,location,source_altered,8.572444900870323,0.2951747477054596,True,True,False,8.69819164276123,0.1257467418909073,Temporary traffic lights were at Taylor's [ANS].
current_equal_epoch,t16_taylor_location,rw_031652,trained_content,location,no_source,-0.812260627746582,-0.2753314971923828,False,False,False,10.171015739440918,9.358755111694336,Temporary traffic lights were at Taylor's [ANS].
current_equal_epoch,t17_abraham_relation,rw_041183,trained_content,role_relation,source_original,8.219929764047265,0.08393358998000622,True,True,False,0.024811675772070885,8.244741439819336,Abraham married his beautiful [ANS] Sarai.
current_equal_epoch,t17_abraham_relation,rw_041183,trained_content,role_relation,source_altered,5.438396289944649,-0.3064091131091118,True,True,False,5.53611421585083,0.09771792590618134,Abraham married his beautiful [ANS] Sarai.
current_equal_epoch,t17_abraham_relation,rw_041183,trained_content,role_relation,no_source,2.745044708251953,0.031371355056762695,True,True,False,1.7529335021972656,4.497978210449219,Abraham married his beautiful [ANS] Sarai.
parent,h01_gas_price,rw2s1_000216,held_source,quantity,source_original,3.288774363230914,0.0,True,True,False,0.04576767282560468,3.3345420360565186,Gas prices were rising by [ANS] in March.
parent,h01_gas_price,rw2s1_000216,held_source,quantity,source_altered,3.213369940407574,0.0,True,True,False,3.2936319410800934,0.08026200067251921,Gas prices were rising by [ANS] in March.
parent,h01_gas_price,rw2s1_000216,held_source,quantity,no_source,-0.0010848045349121094,0.0,False,False,False,3.248354434967041,3.247269630432129,Gas prices were rising by [ANS] in March.
parent,h02_rating,rw_000248,held_source,quantity,source_original,4.601138934493065,0.0,True,True,False,0.031049862504005432,4.63218879699707,Renee Schonfeld rated the film [ANS] out of 5 stars.
parent,h02_rating,rw_000248,held_source,quantity,source_altered,3.4125957414507866,0.0,True,True,False,3.4902350902557373,0.07763934880495071,Renee Schonfeld rated the film [ANS] out of 5 stars.
parent,h02_rating,rw_000248,held_source,quantity,no_source,-0.4940546751022339,0.0,False,False,False,2.361708164215088,1.867653489112854,Renee Schonfeld rated the film [ANS] out of 5 stars.
parent,h03_protest_duration,rw_001604,held_source,quantity_time,source_original,-2.1133084297180176,0.0,False,False,False,8.168754577636719,6.055446147918701,The protest period was [ANS].
parent,h03_protest_duration,rw_001604,held_source,quantity_time,source_altered,2.28946034113566,0.0,True,True,False,8.216272036234537,5.926811695098877,The protest period was [ANS].
parent,h03_protest_duration,rw_001604,held_source,quantity_time,no_source,-2.4035154183705654,0.0,False,False,False,8.30399258931478,5.900477170944214,The protest period was [ANS].
parent,h04_cherry_food,rw2s0_009985,held_source,object,source_original,7.242366889491677,0.0,True,True,False,0.004018684849143028,7.24638557434082,On Saturday he ate a piece of cherry [ANS].
parent,h04_cherry_food,rw2s0_009985,held_source,object,source_altered,1.5287733376026154,0.0,True,True,False,1.750837802886963,0.22206446528434753,On Saturday he ate a piece of cherry [ANS].
parent,h04_cherry_food,rw2s0_009985,held_source,object,no_source,3.2421073019504547,0.0,True,True,False,0.20038828253746033,3.442495584487915,On Saturday he ate a piece of cherry [ANS].
parent,h05_eagle_feathers,rw2s1_013643,held_source,quantity,source_original,2.1174460276961327,0.0,True,True,False,0.06465882621705532,2.182104853913188,The seizure involved [ANS] eagle feathers.
parent,h05_eagle_feathers,rw2s1_013643,held_source,quantity,source_altered,2.0267648175358772,0.0,True,True,False,2.0862830076366663,0.05951819010078907,The seizure involved [ANS] eagle feathers.
parent,h05_eagle_feathers,rw2s1_013643,held_source,quantity,no_source,0.027637958526611328,0.0,True,True,False,1.9502360820770264,1.9778740406036377,The seizure involved [ANS] eagle feathers.
parent,h06_ramadan_food,rw2s1_017873,held_source,object,source_original,12.131645694375038,0.0,True,True,False,0.03690384328365326,12.168549537658691,"At the end of Ramadan, Muslims received salt and pepper on a fruit [ANS]."
parent,h06_ramadan_food,rw2s1_017873,held_source,object,source_altered,10.24143810197711,0.0,True,True,False,10.253360748291016,0.011922646313905716,"At the end of Ramadan, Muslims received salt and pepper on a fruit [ANS]."
parent,h06_ramadan_food,rw2s1_017873,held_source,object,no_source,0.4502220153808594,0.0,True,True,False,5.642610549926758,6.092832565307617,"At the end of Ramadan, Muslims received salt and pepper on a fruit [ANS]."
parent,h07_modern_art_city,rw2s1_002259,held_source,location,source_original,4.469224983593449,0.0,True,True,False,0.006530231097713113,4.475755214691162,The piece could go in the Museum of Modern Art in [ANS].
parent,h07_modern_art_city,rw2s1_002259,held_source,location,source_altered,5.688013991340995,0.0,True,True,False,5.7107603549957275,0.022746363654732704,The piece could go in the Museum of Modern Art in [ANS].
parent,h07_modern_art_city,rw2s1_002259,held_source,location,no_source,1.3942824602127075,0.0,True,True,False,3.6484545469284058,5.042737007141113,The piece could go in the Museum of Modern Art in [ANS].
parent,h08_navarino_year,rw2s0_004620,held_source,quantity_time,source_original,1.271384664811194,0.0,True,True,False,0.015687501872889698,1.2870721666840836,The Navarino event occurred on October 20 [ANS].
parent,h08_navarino_year,rw2s0_004620,held_source,quantity_time,source_altered,0.9328751619905233,0.0,True,True,False,0.9619380166986957,0.02906285470817238,The Navarino event occurred on October 20 [ANS].
parent,h08_navarino_year,rw2s0_004620,held_source,quantity_time,no_source,0.07926082611083984,0.0,True,True,False,2.384093940258026,2.463354766368866,The Navarino event occurred on October 20 [ANS].
parent,t01_skelton_value,rw2s0_002308,trained_content,property,source_original,10.820921704173088,0.0,True,True,False,0.16684551537036896,10.987767219543457,Skelton Village's north part had extreme environmental [ANS].
parent,t01_skelton_value,rw2s0_002308,trained_content,property,source_altered,5.394478917121887,0.0,True,True,False,6.114606857299805,0.7201279401779175,Skelton Village's north part had extreme environmental [ANS].
parent,t01_skelton_value,rw2s0_002308,trained_content,property,no_source,1.2364788055419922,0.0,True,True,False,6.341141700744629,7.577620506286621,Skelton Village's north part had extreme environmental [ANS].
parent,t02_baku_institution,rw2s0_006924,trained_content,institution,source_original,6.098731787875295,0.0,True,True,False,0.009124485775828362,6.107856273651123,The theology dean worked at Baku State [ANS].
parent,t02_baku_institution,rw2s0_006924,trained_content,institution,source_altered,4.938154328614473,0.0,True,True,False,4.960483551025391,0.022329222410917282,The theology dean worked at Baku State [ANS].
parent,t02_baku_institution,rw2s0_006924,trained_content,institution,no_source,2.05633544921875,0.0,True,True,False,1.3135943412780762,3.369929790496826,The theology dean worked at Baku State [ANS].
parent,t03_oil_object,rw2s0_010026,trained_content,object,source_original,12.583666376769543,0.0,True,True,False,0.038444943726062775,12.622111320495605,Mosaddegh's policy was to nationalize Iran's oil [ANS].
parent,t03_oil_object,rw2s0_010026,trained_content,object,source_altered,8.103562377393246,0.0,True,True,False,8.19399642944336,0.09043405205011368,Mosaddegh's policy was to nationalize Iran's oil [ANS].
parent,t03_oil_object,rw2s0_010026,trained_content,object,no_source,4.911312103271484,0.0,True,True,False,3.1784439086914062,8.08975601196289,Mosaddegh's policy was to nationalize Iran's oil [ANS].
parent,t04_casualty_uncertainty,rw2s0_014542,trained_content,qualification,source_original,-0.4724264144897461,0.0,False,False,False,3.461977958679199,2.989551544189453,The number of Protestants murdered in the outbreak was [ANS].
parent,t04_casualty_uncertainty,rw2s0_014542,trained_content,qualification,source_altered,4.279818534851074,0.0,True,True,False,6.626959323883057,2.3471407890319824,The number of Protestants murdered in the outbreak was [ANS].
parent,t04_casualty_uncertainty,rw2s0_014542,trained_content,qualification,no_source,-0.8904247283935547,0.0,False,False,False,12.88603687286377,11.995612144470215,The number of Protestants murdered in the outbreak was [ANS].
parent,t05_manning_role,rw2s0_019304,trained_content,role,source_original,12.623037829995155,0.0,True,True,False,0.1738257259130478,12.796863555908203,Ed Manning was a professional and college [ANS].
parent,t05_manning_role,rw2s0_019304,trained_content,role,source_altered,3.451741457916796,0.0,True,True,False,3.4992434978485107,0.047502039931714535,Ed Manning was a professional and college [ANS].
parent,t05_manning_role,rw2s0_019304,trained_content,role,no_source,3.0325355529785156,0.0,True,True,False,4.84439754486084,7.8769330978393555,Ed Manning was a professional and college [ANS].
parent,t06_mass_day,rw2s0_019852,trained_content,time,source_original,4.340049609541893,0.0,True,True,False,0.1171504408121109,4.457200050354004,The speaker went to Mass that [ANS].
parent,t06_mass_day,rw2s0_019852,trained_content,time,source_altered,4.284880697727203,0.0,True,True,False,4.671856880187988,0.3869761824607849,The speaker went to Mass that [ANS].
parent,t06_mass_day,rw2s0_019852,trained_content,time,no_source,0.26169681549072266,0.0,True,True,False,6.045595169067383,6.3072919845581055,The speaker went to Mass that [ANS].
parent,t07_music_change,rw2s0_020973,trained_content,ordered_change,source_original,4.336553573608398,0.0,True,True,False,4.223660469055176,8.560214042663574,The tune could change from fast to [ANS].
parent,t07_music_change,rw2s0_020973,trained_content,ordered_change,source_altered,-0.07012701034545898,0.0,False,False,False,7.754446983337402,7.824573993682861,The tune could change from fast to [ANS].
parent,t07_music_change,rw2s0_020973,trained_content,ordered_change,no_source,3.8194937705993652,0.0,True,True,False,3.870701313018799,7.690195083618164,The tune could change from fast to [ANS].
parent,t08_abingdon_refusal,rw2s0_025051,trained_content,polarity_action,source_original,2.6001569032669067,0.0,True,True,False,0.9789780378341675,3.579134941101074,The Abingdon workers [ANS] to return.
parent,t08_abingdon_refusal,rw2s0_025051,trained_content,polarity_action,source_altered,6.587615802884102,0.0,True,True,False,6.810652732849121,0.22303692996501923,The Abingdon workers [ANS] to return.
parent,t08_abingdon_refusal,rw2s0_025051,trained_content,polarity_action,no_source,-0.6829843521118164,0.0,False,False,False,5.412203788757324,4.729219436645508,The Abingdon workers [ANS] to return.
parent,t09_route_opposite,rw2s0_029078,trained_content,spatial_relation,source_original,-2.1192550659179688,0.0,False,False,False,10.779467582702637,8.660212516784668,"After the barber shop, the route says to take the street [ANS] the barber shop."
parent,t09_route_opposite,rw2s0_029078,trained_content,spatial_relation,source_altered,4.752000331878662,0.0,True,True,False,12.319870948791504,7.567870616912842,"After the barber shop, the route says to take the street [ANS] the barber shop."
parent,t09_route_opposite,rw2s0_029078,trained_content,spatial_relation,no_source,-3.132451057434082,0.0,False,False,False,13.354537010192871,10.222085952758789,"After the barber shop, the route says to take the street [ANS] the barber shop."
parent,t10_clavering_number,rw2s1_005600,trained_content,quantity,source_original,4.173375070095062,0.0,True,True,False,0.9852443337440491,5.158619403839111,Clavering believed [ANS] was the perfect number of pupils.
parent,t10_clavering_number,rw2s1_005600,trained_content,quantity,source_altered,3.23770809173584,0.0,True,True,False,5.5193095207214355,2.2816014289855957,Clavering believed [ANS] was the perfect number of pupils.
parent,t10_clavering_number,rw2s1_005600,trained_content,quantity,no_source,0.6060686111450195,0.0,True,True,False,12.788100242614746,13.394168853759766,Clavering believed [ANS] was the perfect number of pupils.
parent,t11_horsemen_weapon,rw2s1_015912,trained_content,object,source_original,1.6191092729568481,0.0,True,True,False,4.318537592887878,5.937646865844727,The horsemen lowered their [ANS].
parent,t11_horsemen_weapon,rw2s1_015912,trained_content,object,source_altered,2.012148857116699,0.0,True,True,False,6.905011177062988,4.892862319946289,The horsemen lowered their [ANS].
parent,t11_horsemen_weapon,rw2s1_015912,trained_content,object,no_source,-2.5396151542663574,0.0,False,False,False,6.156254053115845,3.6166388988494873,The horsemen lowered their [ANS].
parent,t12_unseen_scandal_count,rw2s1_024034,trained_content,quantity,source_original,0.030935945964994715,0.0,True,True,False,1.38942517553057,1.4203611214955647,The unseen scandal involved about [ANS] young people.
parent,t12_unseen_scandal_count,rw2s1_024034,trained_content,quantity,source_altered,-0.05867788905189153,0.0,False,False,False,1.3285546430519648,1.3872325321038563,The unseen scandal involved about [ANS] young people.
parent,t12_unseen_scandal_count,rw2s1_024034,trained_content,quantity,no_source,-0.016871228104546,0.0,False,False,False,1.4515743000166756,1.4347030719121296,The unseen scandal involved about [ANS] young people.
parent,t13_bank_threshold,rw_004509,trained_content,quantity,source_original,1.0090490147094464,0.0,True,True,False,0.035820186005106995,1.0448692007145535,Currency transaction reports were required for money worth [ANS] or more.
parent,t13_bank_threshold,rw_004509,trained_content,quantity,source_altered,0.8027347049431963,0.0,True,True,False,0.8355828941400562,0.0328481891968598,Currency transaction reports were required for money worth [ANS] or more.
parent,t13_bank_threshold,rw_004509,trained_content,quantity,no_source,0.09605595611390627,0.0,True,True,False,1.8025692190442766,1.8986251751581829,Currency transaction reports were required for money worth [ANS] or more.
parent,t14_radio_channel,rw_015472,trained_content,quantity_identifier,source_original,6.652771096676588,0.0,True,True,False,0.015330690890550613,6.668101787567139,The Chris Evans Breakfast Show was on BBC Radio [ANS].
parent,t14_radio_channel,rw_015472,trained_content,quantity_identifier,source_altered,5.908722737804055,0.0,True,True,False,5.9380292892456055,0.029306551441550255,The Chris Evans Breakfast Show was on BBC Radio [ANS].
parent,t14_radio_channel,rw_015472,trained_content,quantity_identifier,no_source,1.3670988082885742,0.0,True,True,False,2.1344993114471436,3.5015981197357178,The Chris Evans Breakfast Show was on BBC Radio [ANS].
parent,t15_noontide_press,rw_017379,trained_content,institution,source_original,14.015640518783282,0.0,True,True,False,0.009646473607669273,14.025286992390951,Von Brunn briefly worked for [ANS] Press.
parent,t15_noontide_press,rw_017379,trained_content,institution,source_altered,13.538357891142368,0.0,True,True,False,13.548762639363607,0.010404748221238455,Von Brunn briefly worked for [ANS] Press.
parent,t15_noontide_press,rw_017379,trained_content,institution,no_source,-0.6775708198547372,0.0,False,False,False,8.007616837819418,7.330046017964681,Von Brunn briefly worked for [ANS] Press.
parent,t16_taylor_location,rw_031652,trained_content,location,source_original,11.188800428062677,0.0,True,True,False,0.060037996619939804,11.248838424682617,Temporary traffic lights were at Taylor's [ANS].
parent,t16_taylor_location,rw_031652,trained_content,location,source_altered,8.277270153164864,0.0,True,True,False,8.41104793548584,0.13377778232097626,Temporary traffic lights were at Taylor's [ANS].
parent,t16_taylor_location,rw_031652,trained_content,location,no_source,-0.5369291305541992,0.0,False,False,False,9.80784797668457,9.270918846130371,Temporary traffic lights were at Taylor's [ANS].
parent,t17_abraham_relation,rw_041183,trained_content,role_relation,source_original,8.135996174067259,0.0,True,True,False,0.02176063135266304,8.157756805419922,Abraham married his beautiful [ANS] Sarai.
parent,t17_abraham_relation,rw_041183,trained_content,role_relation,source_altered,5.7448054030537605,0.0,True,True,False,5.810975551605225,0.06617014855146408,Abraham married his beautiful [ANS] Sarai.
parent,t17_abraham_relation,rw_041183,trained_content,role_relation,no_source,2.7136733531951904,0.0,True,True,False,1.6870081424713135,4.400681495666504,Abraham married his beautiful [ANS] Sarai.
